Stock,VAL Range %,POC Range %,VAH Range %,Centre Range %,Average Boundary Range %,Maximum Boundary Range %,Centre Endpoint Move %,Centre Path %,Directional Efficiency,Centre Direction,Overall VA Envelope %,VAL Contained,POC Contained,VAH Contained,Rotational Path,All Three Boundaries Contained,Contained + Rotational,Latest VAL,Latest POC,Latest VAH,Latest VA Centre,VAL Position,POC Position,VAH Position,Centre Position,Boundaries Inside Previous Range,Latest Centre Displacement %,Latest Profile Stable,Current Price,VAL,POC,VAH,VA Centre,VA Width,Distance from VAL %,Distance from POC %,Distance from VAH %,Both Tests Satisfied
AXISBANK,0.93,2.45,3.3,2.13,2.2249263322295865,3.298823572076681,0.9244202431804004,3.962632304064082,0.23,UP,6.101276164781263,True,True,True,True,True,True,1229.6875,1245.3125,1271.3541666666665,1250.5208333333333,INSIDE,INSIDE,INSIDE,INSIDE,3,0.04,True,1226.0,1229.69,1245.31,1271.35,1250.52,41.67,-0.3,-1.55,-3.57,True
BEL,2.48,0.36,0.67,1.22,1.1722520853903706,2.4796578580205,0.10854648789882221,2.3264376537637217,0.05,UP,5.221507496347078,True,True,True,True,True,True,395.51875368754065,411.05625089009607,415.2937501271566,405.40625190734863,INSIDE,INSIDE,INSIDE,INSIDE,3,0.68,True,388.3,395.52,411.06,415.29,405.41,19.77,-1.83,-5.54,-6.5,True
COALINDIA,0.98,3.47,3.29,2.17,2.5823355105098877,3.469413584398157,1.4576024885338879,2.855590698005716,0.51,DOWN,7.4235111687040805,True,True,True,True,True,True,400.01873779296875,401.70623779296875,421.95623779296875,410.98748779296875,INSIDE,INSIDE,INSIDE,INSIDE,3,0.01,True,425.0,400.02,401.71,421.96,410.99,21.94,6.25,5.8,0.72,True
DLF,1.01,1.15,0.85,0.68,1.0000891922705106,1.145393977688594,0.07979356223795693,1.2764225523690225,0.06,DOWN,4.845575919733681,True,True,True,True,True,True,656.2468681335449,659.561450958252,679.4489479064941,667.8479080200195,INSIDE,INSIDE,INSIDE,INSIDE,3,0.19,True,674.0,656.25,659.56,679.45,667.85,23.2,2.71,2.19,-0.8,True
HDFCBANK,2.39,1.4,2.23,2.31,2.004327636893889,2.3850599913414707,1.7045107348710538,3.8195026349548384,0.45,DOWN,5.7750607136868775,True,True,True,True,True,True,705.770844777425,717.0041720072429,728.2374992370605,717.0041720072428,INSIDE,INSIDE,INSIDE,INSIDE,3,0.78,True,708.7,705.77,717.0,728.24,717.0,22.47,0.42,-1.16,-2.68,True
JINDALSTEL,2.85,3.26,2.58,2.63,2.8980864243994673,3.26413722989546,0.5770694436249927,4.676762464610795,0.12,UP,7.547667645807475,True,True,True,True,True,True,1124.3166783650718,1141.6166814168296,1164.6833521525064,1144.500015258789,INSIDE,INSIDE,INSIDE,INSIDE,3,0.99,True,1134.9,1124.32,1141.62,1164.68,1144.5,40.37,0.94,-0.59,-2.56,True
JSWSTEEL,1.51,3.58,2.35,1.94,2.479032430618904,3.5784590877361846,0.22299936449891333,3.6547690117617804,0.06,DOWN,5.957696794433519,True,True,True,True,True,True,1270.9166666666665,1317.4166666666665,1348.4166666666665,1309.6666666666665,INSIDE,INSIDE,INSIDE,INSIDE,3,0.0,True,1253.4,1270.92,1317.42,1348.42,1309.67,77.5,-1.38,-4.86,-7.05,True
SUPREMEIND,1.63,0.47,0.06,0.78,0.7214393071800038,1.6285075088654504,0.5323326642813508,1.0383645324756379,0.51,UP,6.7428190424155074,True,True,True,True,True,True,3499.166666666667,3590.833333333333,3700.833333333333,3600.0,INSIDE,INSIDE,INSIDE,INSIDE,3,0.05,True,3451.0,3499.17,3590.83,3700.83,3600.0,201.67,-1.38,-3.89,-6.75,True
TORNTPHARM,0.28,2.2,1.09,0.69,1.1908058354985611,2.203820545319219,0.5626623267109596,0.8212039004560548,0.69,UP,3.671296849653021,True,True,True,True,True,True,4878.40625,4943.09375,5059.53125,4968.96875,INSIDE,INSIDE,INSIDE,INSIDE,3,0.2,True,4800.0,4878.41,4943.09,5059.53,4968.97,181.12,-1.61,-2.89,-5.13,True
