Stock,Profile,VAL,POC,VAH,VA Width,VA Centre
360ONE,1,1095.1624908447266,1164.8375091552734,1219.0291900634766,123.86669921875,1157.0958404541016
360ONE,2,1133.870834350586,1164.8375091552734,1219.0291900634766,85.15835571289062,1176.4500122070312
360ONE,3,1134.4187469482422,1173.7437591552734,1199.960433959961,65.54168701171875,1167.1895904541016
360ONE,4,1140.5374908447266,1165.495834350586,1185.4625091552734,44.925018310546875,1163.0
360ONE,5,1147.2395960489907,1147.2395960489907,1206.4521052042642,59.21250915527344,1176.8458506266275
ABB,1,7243.739583333334,7421.760416666666,7742.197916666666,498.4583333333321,7492.96875
ABB,2,7384.40625,7422.71875,7690.90625,306.5,7537.65625
ABB,3,7398.46875,7488.65625,7669.03125,270.5625,7533.75
ABB,4,7405.427083333334,7506.614583333334,7742.71875,337.29166666666606,7574.072916666667
ABB,5,7439.15625,7506.614583333334,7742.71875,303.5625,7590.9375
ABCAPITAL,1,393.2197964986166,398.0260480244955,406.0364672342936,12.816670735677008,399.6281318664551
ABCAPITAL,2,398.0260480244955,406.0364672342936,415.6489702860514,17.622922261555914,406.83750915527344
ABCAPITAL,3,403.1500085194906,422.15001106262207,429.75001207987464,26.60000356038404,416.4500102996826
ABCAPITAL,4,395.5500075022379,405.0500087738037,412.6500097910563,17.10000228881836,404.1000086466471
ABCAPITAL,5,402.6968835194906,406.5593840281168,422.00938606262207,19.312502543131473,412.35313479105633
ADANIENSOL,1,1402.2083333333335,1469.2916666666665,1630.2916666666665,228.08333333333303,1516.25
ADANIENSOL,2,1469.3020833333335,1469.3020833333335,1609.09375,139.79166666666652,1539.1979166666667
ADANIENSOL,3,1477.8333333333335,1477.8333333333335,1600.8333333333333,122.99999999999977,1539.3333333333335
ADANIENSOL,4,1479.608324686686,1479.608324686686,1634.4416478474934,154.83332316080737,1557.0249862670898
ADANIENSOL,5,1543.375,1608.875,1652.5416666666665,109.16666666666652,1597.9583333333333
ADANIENT,1,2909.1499888102217,2966.3499806722,3066.449966430664,157.2999776204424,2987.799977620443
ADANIENT,2,2909.1499888102217,2966.3499806722,3066.449966430664,157.2999776204424,2987.799977620443
ADANIENT,3,2966.3499806722,2966.3499806722,3066.449966430664,100.09998575846384,3016.399973551432
ADANIENT,4,2966.3499806722,2966.3499806722,3052.149968465169,85.79998779296875,3009.2499745686846
ADANIENT,5,2997.1271209716797,3055.6062774658203,3055.6062774658203,58.479156494140625,3026.36669921875
ADANIGREEN,1,1278.1500244140625,1316.6500244140625,1316.6500244140625,38.5,1297.4000244140625
ADANIGREEN,2,1277.743766784668,1319.6395950317383,1336.3979263305664,58.65415954589844,1307.0708465576172
ADANIGREEN,3,1281.181266784668,1316.5312627156577,1378.3937555948892,97.2124888102212,1329.7875111897786
ADANIGREEN,4,1307.6937637329102,1378.3937555948892,1422.5812505086265,114.8874867757163,1365.1375071207683
ADANIGREEN,5,1321.5833053588867,1379.416633605957,1402.5499649047852,80.96665954589844,1362.066635131836
ADANIPORTS,1,1665.256233215332,1703.7395706176758,1799.9479141235352,134.69168090820312,1732.6020736694336
ADANIPORTS,2,1636.3937301635742,1703.7395706176758,1713.3604049682617,76.9666748046875,1674.877067565918
ADANIPORTS,3,1677.4499969482422,1701.5500030517578,1765.8166859944663,88.36668904622411,1721.6333414713542
ADANIPORTS,4,1680.1187362670898,1688.4062372843423,1771.2812474568686,91.1625111897788,1725.6999918619792
ADANIPORTS,5,1681.0875244140625,1681.0875244140625,1735.3375244140625,54.25,1708.2125244140625
ADANIPOWER,1,204.53125127156574,213.40624618530273,216.95624415079754,12.424992879231809,210.74374771118164
ADANIPOWER,2,202.44583193461102,204.06249809265137,209.72082964579266,7.274997711181641,206.08333079020184
ADANIPOWER,3,204.87083117167157,212.95416196187335,216.9958273569743,12.124996185302734,210.93332926432294
ADANIPOWER,4,204.87083117167157,212.95416196187335,216.9958273569743,12.124996185302734,210.93332926432294
ADANIPOWER,5,208.89228693644208,213.2818717956543,222.0610415140788,13.168754577636719,215.47666422526044
ALKEM,1,5175.3125,5194.4375,5385.6875,210.375,5280.5
ALKEM,2,5226.770833333334,5334.9375,5686.479166666666,459.7083333333321,5456.625
ALKEM,3,5307.239583333334,5337.385416666666,5638.84375,331.60416666666606,5473.041666666667
ALKEM,4,5302.447916666666,5333.802083333334,5647.34375,344.89583333333394,5474.895833333333
ALKEM,5,5337.135416666666,5337.135416666666,5631.927083333334,294.7916666666679,5484.53125
AMBUJACEM,1,398.47186279296875,414.69061279296875,421.8989461263021,23.42708333333337,410.18540445963544
AMBUJACEM,2,403.8093681335449,410.7406196594238,422.2927055358887,18.48333740234375,413.0510368347168
AMBUJACEM,3,396.81561978658044,415.14687156677246,428.24062283833825,31.425003051757812,412.52812131245935
AMBUJACEM,4,414.688533782959,433.17187118530273,449.3447914123535,34.65625762939453,432.01666259765625
AMBUJACEM,5,407.84375,413.53125,434.38541666666663,26.54166666666663,421.1145833333333
APLAPOLLO,1,2146.1687774658203,2226.0687611897783,2276.006251017253,129.8374735514326,2211.0875142415366
APLAPOLLO,2,2123.2103932698565,2232.9770762125654,2274.139582316081,150.92918904622456,2198.6749877929688
APLAPOLLO,3,1906.6812896728516,1906.6812896728516,2175.4229278564453,268.74163818359375,2041.0521087646484
APLAPOLLO,4,1914.0833333333335,1914.0833333333335,2211.583333333333,297.49999999999955,2062.833333333333
APLAPOLLO,5,1799.4896291097007,1901.3854319254556,2064.418716430664,264.9290873209634,1931.9541727701824
APOLLOHOSP,1,8781.104166666668,8880.895833333332,9060.520833333332,279.41666666666424,8920.8125
APOLLOHOSP,2,8733.46875,8819.552083333332,8927.15625,193.6875,8830.3125
APOLLOHOSP,3,8744.84375,8812.65625,8948.28125,203.4375,8846.5625
APOLLOHOSP,4,8767.447916666668,8812.65625,8970.885416666668,203.4375,8869.166666666668
APOLLOHOSP,5,8812.65625,8812.65625,8970.885416666668,158.22916666666788,8891.770833333334
ASHOKLEY,1,163.21562385559082,175.63187217712402,181.27562141418457,18.05999755859375,172.2456226348877
ASHOKLEY,2,169.30729007720947,173.9656229019165,178.62395572662354,9.316665649414062,173.9656229019165
ASHOKLEY,3,171.82291507720947,175.6062479019165,178.44374752044678,6.620832443237305,175.13333129882812
ASHOKLEY,4,173.36874675750732,175.8570801417033,178.34541352589923,4.976666768391908,175.85708014170328
ASHOKLEY,5,173.1910384496053,173.1910384496053,179.04270521799722,5.851666768391937,176.11687183380127
ASIANPAINT,1,2465.1583557128906,2626.9584045410156,2707.858428955078,242.7000732421875,2586.5083923339844
ASIANPAINT,2,2526.352020263672,2617.3770446777344,2753.914581298828,227.56256103515625,2640.13330078125
ASIANPAINT,3,2618.7500254313154,2618.7500254313154,2771.7500050862627,152.9999796549473,2695.250015258789
ASIANPAINT,4,2635.827051798503,2724.152064005534,2856.639582316081,220.81253051757812,2746.233317057292
ASIANPAINT,5,2694.712529500325,2729.7375233968096,2858.162501017253,163.4499715169277,2776.437515258789
ASTRAL,1,1491.5416666666665,1538.625,1576.2916666666665,84.75,1533.9166666666665
ASTRAL,2,1533.6458333333335,1564.2708333333335,1594.8958333333335,61.25,1564.2708333333335
ASTRAL,3,1530.0520833333335,1538.28125,1562.96875,32.916666666666515,1546.5104166666667
ASTRAL,4,1527.9583333333335,1543.125,1558.2916666666665,30.33333333333303,1543.125
ASTRAL,5,1469.3875274658203,1556.4625091552734,1595.1625010172525,125.77497355143214,1532.2750142415364
ATGL,1,639.1187744140625,639.1187744140625,648.4104410807292,9.291666666666742,643.7646077473959
ATGL,2,639.1187744140625,639.1187744140625,657.7021077473958,18.583333333333258,648.4104410807291
ATGL,3,642.1875127156575,670.0125198364258,670.0125198364258,27.825007120768305,656.1000162760416
ATGL,4,651.325008392334,668.7416826883953,668.7416826883953,17.416674296061274,660.0333455403646
ATGL,5,657.7229232788086,668.2104263305664,717.1521072387695,59.42918395996094,687.4375152587891
AUBANK,1,1012.3229141235352,1012.3229141235352,1085.872901916504,73.54998779296875,1049.0979080200195
AUBANK,2,1066.1624755859375,1066.1624755859375,1125.2874755859375,59.125,1095.7249755859375
AUBANK,3,1063.2353744506836,1081.7187118530273,1109.443717956543,46.208343505859375,1086.3395462036133
AUBANK,4,1064.5979080200195,1079.9854049682617,1141.5353927612305,76.93748474121094,1103.066650390625
AUBANK,5,1048.2145716349282,1048.2145716349282,1124.9228947957358,76.7083231608076,1086.568733215332
AUROPHARMA,1,1642.925033569336,1689.991683959961,1737.058334350586,94.13330078125,1689.991683959961
AUROPHARMA,2,1629.7833709716797,1691.750015258789,1691.750015258789,61.966644287109375,1660.7666931152344
AUROPHARMA,3,1615.6375274658203,1630.6541900634766,1690.7208404541016,75.08331298828125,1653.179183959961
AUROPHARMA,4,1605.1687647501626,1636.0187606811523,1690.0062535603843,84.83748881022166,1647.5875091552734
AUROPHARMA,5,1572.350008646647,1636.2500178019204,1678.850023905436,106.50001525878906,1625.6000162760415
AXISBANK,1,1229.6875,1245.3125,1260.9375,31.25,1245.3125
AXISBANK,2,1233.354148864746,1248.5874862670898,1263.8208236694336,30.4666748046875,1248.5874862670898
AXISBANK,3,1237.162483215332,1256.2041549682617,1298.095832824707,60.933349609375,1267.6291580200195
AXISBANK,4,1221.9291458129883,1225.7374801635742,1256.2041549682617,34.27500915527344,1239.066650390625
AXISBANK,5,1216.4541447957358,1225.8791478474936,1257.295824686686,40.84167989095022,1236.874984741211
BAJAJ-AUTO,1,11650.4375,11809.0625,12284.9375,634.5,11967.6875
BAJAJ-AUTO,2,11629.020833333332,11719.9375,12038.145833333332,409.125,11833.583333333332
BAJAJ-AUTO,3,11646.125,11730.625,11815.125,169.0,11730.625
BAJAJ-AUTO,4,11638.666666666668,11696.0,12097.333333333332,458.66666666666424,11868.0
BAJAJ-AUTO,5,11192.239583333332,11736.072916666668,11940.010416666668,747.7708333333358,11566.125
BAJAJFINSV,1,1864.84375,2003.59375,2026.71875,161.875,1945.78125
BAJAJFINSV,2,1968.887507120768,2013.0125172932944,2030.6625213623047,61.77501424153661,1999.7750142415364
BAJAJFINSV,3,2002.09375,2011.40625,2095.21875,93.125,2048.65625
BAJAJFINSV,4,1977.4270833333335,2016.34375,2084.447916666667,107.02083333333348,2030.9375000000002
BAJAJFINSV,5,1996.1312713623047,2019.4396006266275,2089.3645884195967,93.23331705729197,2042.7479298909507
BAJAJHLDNG,1,11134.375,11134.375,11436.375,302.0,11285.375
BAJAJHLDNG,2,11140.729166666668,11418.395833333332,11626.645833333332,485.91666666666424,11383.6875
BAJAJHLDNG,3,11175.4375,11418.395833333332,11626.645833333332,451.2083333333321,11401.041666666666
BAJAJHLDNG,4,11158.604166666668,11411.854166666668,11538.479166666668,379.875,11348.541666666668
BAJAJHLDNG,5,10761.0,11433.0,11601.0,840.0,11181.0
BAJFINANCE,1,1026.6458333333335,1059.8958333333335,1093.1458333333335,66.5,1059.8958333333335
BAJFINANCE,2,1049.90625,1092.1979166666665,1104.8854166666665,54.979166666666515,1077.3958333333333
BAJFINANCE,3,1058.7854054768882,1092.3895823160806,1173.039606730143,114.2542012532549,1115.9125061035156
BAJFINANCE,4,1073.4124908447266,1092.1374969482422,1154.554183959961,81.14169311523438,1113.9833374023438
BAJFINANCE,5,1041.4270795186362,1092.4979235331216,1128.977097829183,87.55001831054688,1085.2020886739097
BANKBARODA,1,233.6064567565918,234.95562362670898,241.02687454223633,7.420417785644531,237.31666564941406
BANKBARODA,2,236.38416385650635,246.12416172027588,246.12416172027588,9.739997863769531,241.2541627883911
BANKBARODA,3,239.47187519073486,245.97812175750732,251.03853575388592,11.56666056315106,245.2552054723104
BANKBARODA,4,241.35082880655926,249.13082758585614,251.07582728068036,9.724998474121094,246.2133280436198
BANKBARODA,5,241.15520572662354,245.792706489563,247.33854007720947,6.1833343505859375,244.2468729019165
BANKINDIA,1,140.7635434468587,143.06562423706055,145.82812118530273,5.064577738444029,143.29583231608072
BANKINDIA,2,140.7635434468587,142.1447919209798,144.44687271118164,3.6833292643229356,142.60520807902017
BANKINDIA,3,140.14166100819904,142.80166085561115,144.1316607793172,3.989999771118164,142.13666089375812
BANKINDIA,4,140.48082796732587,142.01582781473797,147.64416058858234,7.1633326212564725,144.0624942779541
BANKINDIA,5,140.47562249501544,142.76062361399335,149.04437669118244,8.568754196166992,144.75999959309894
BDL,1,1198.968734741211,1365.3187103271484,1420.7687021891275,221.79996744791652,1309.8687184651692
BDL,2,1282.1437225341797,1393.043706258138,1420.7687021891275,138.62497965494777,1351.4562123616536
BDL,3,1279.9312286376953,1389.3895416259766,1422.227035522461,142.29580688476562,1351.0791320800781
BDL,4,1300.664566040039,1390.8187103271484,1423.602035522461,122.93746948242188,1362.13330078125
BDL,5,1320.04372660319,1388.9437103271484,1423.3937021891275,103.3499755859375,1371.7187143961587
BEL,1,398.511464436849,411.355214436849,415.636464436849,17.125,407.073964436849
BEL,2,404.21979777018225,411.355214436849,415.636464436849,11.416666666666742,409.9281311035156
BEL,3,405.31771659851074,410.5093822479248,415.70104789733887,10.383331298828125,410.5093822479248
BEL,4,394.29480171203613,409.9468822479248,415.63854789733887,21.343746185302734,404.9666748046875
BEL,5,394.29480171203613,409.9468822479248,415.63854789733887,21.343746185302734,404.9666748046875
BHARATFORG,1,1951.139559427897,1993.5562057495117,2046.57701365153,95.43745422363304,1998.8582865397134
BHARATFORG,2,1989.337516784668,2081.9625116984053,2285.737500508626,296.39998372395803,2137.537508646647
BHARATFORG,3,1964.9499791463218,2077.64998626709,2093.7499872843428,128.80000813802098,2029.3499832153323
BHARATFORG,4,2001.1666666666665,2072.833333333333,2144.5,143.33333333333348,2072.833333333333
BHARATFORG,5,2023.125,2071.458333333333,2168.125,145.0,2095.625
BHARTIARTL,1,1824.0374908447266,1832.7124888102212,1893.437474568685,69.39998372395848,1858.7374827067058
BHARTIARTL,2,1824.0187759399414,1840.1771113077798,1929.047955830892,105.02917989095067,1876.5333658854167
BHARTIARTL,3,1834.7229385375977,1843.8521041870117,1944.2729263305664,109.54998779296875,1889.497932434082
BHARTIARTL,4,1862.1104354858398,1944.2729263305664,1962.5312576293945,100.42082214355469,1912.3208465576172
BHARTIARTL,5,1918.662483215332,1945.8958206176758,1979.9374923706055,61.27500915527344,1949.2999877929688
BHEL,1,423.56145540873206,429.66978772481286,441.88645235697425,18.324996948242188,432.72395388285315
BHEL,2,417.00312995910645,431.1531238555908,432.92187309265137,15.918743133544922,424.9625015258789
BHEL,3,415.2343807220459,431.1531238555908,441.7656192779541,26.531238555908203,428.5
BHEL,4,412.1989561716715,429.88020388285315,441.66770235697425,29.468746185302734,426.9333292643229
BHEL,5,403.50625228881836,408.84375381469727,419.5187568664551,16.01250457763672,411.5125045776367
BIOCON,1,384.3395849863688,384.3395849863688,412.01875495910645,27.679169972737668,398.1791699727376
BIOCON,2,394.25,414.25,429.25,35.0,411.75
BIOCON,3,402.728120803833,434.0635407765707,441.29479153951013,38.56667073567712,422.01145617167157
BIOCON,4,416.4562568664551,426.10208765665686,441.53541692097986,25.079160054524777,428.99583689371747
BIOCON,5,421.0916690826416,427.02500343322754,441.8583393096924,20.76667022705078,431.475004196167
BLUESTARCO,1,1490.7646128336587,1539.9979298909507,1576.9229176839194,86.15830485026072,1533.843765258789
BLUESTARCO,2,1481.6000315348306,1493.2000274658203,1539.6000111897788,57.99997965494822,1510.6000213623047
BLUESTARCO,3,1489.5437850952148,1540.427106221517,1731.23956044515,241.69577534993505,1610.3916727701824
BLUESTARCO,4,1476.9937464396157,1502.4187444051108,1591.4062372843423,114.41249084472656,1534.199991861979
BLUESTARCO,5,1476.8479639689126,1510.1354548136392,1598.9020970662436,122.05413309733103,1537.8750305175781
BOSCHLTD,1,47681.45833333333,48578.95833333333,48878.125,1196.6666666666715,48279.791666666664
BOSCHLTD,2,46833.33333333333,48500.0,48833.33333333333,2000.0,47833.33333333333
BOSCHLTD,3,44892.5,48675.83333333333,49810.83333333333,4918.3333333333285,47351.666666666664
BOSCHLTD,4,43351.14583333333,48498.64583333333,49785.52083333333,6434.375,46568.33333333333
BOSCHLTD,5,42669.0625,48201.979166666664,48992.39583333333,6323.3333333333285,45830.729166666664
BPCL,1,309.2781276702881,316.865629196167,325.7177143096924,16.439586639404297,317.49792098999023
BPCL,2,310.54271125793457,316.865629196167,319.39479637145996,8.85208511352539,314.96875381469727
BPCL,3,310.8531303405762,316.5114657084147,324.9989687601725,14.145838419596316,317.92604955037433
BPCL,4,315.74688720703125,316.7989705403646,324.1635538736979,8.416666666666629,319.95522054036456
BPCL,5,312.59063720703125,315.74688720703125,321.0073038736979,8.416666666666629,316.79897054036456
BRITANNIA,1,4927.09375,4985.885416666666,5338.635416666666,411.54166666666606,5132.864583333333
BRITANNIA,2,4980.28125,5043.322916666666,5421.572916666666,441.29166666666606,5200.927083333333
BRITANNIA,3,5301.739583333334,5549.90625,5673.989583333334,372.25,5487.864583333334
BRITANNIA,4,5407.96875,5568.84375,5622.46875,214.5,5515.21875
BRITANNIA,5,5422.770833333334,5560.4375,5629.270833333334,206.5,5526.020833333334
BSE,1,3255.4625549316406,3255.4625549316406,3401.487518310547,146.02496337890625,3328.4750366210938
BSE,2,3245.28125,3328.03125,3431.46875,186.1875,3338.375
BSE,3,3255.2270609537763,3345.2103780110674,3457.6895243326826,202.46246337890625,3356.4582926432295
BSE,4,3255.2270609537763,3345.2103780110674,3547.6728413899737,292.4457804361973,3401.449951171875
BSE,5,3293.3354237874346,3333.5270945231123,3554.581283569336,261.24585978190134,3423.9583536783853
CANBK,1,124.57520771026611,129.6802110671997,131.80729579925537,7.232088088989258,128.19125175476074
CANBK,2,125.81208197275797,129.57874965667725,132.87458388010663,7.062501907348661,129.3433329264323
CANBK,3,126.79041783014932,131.58458407719928,132.89208396275836,6.10166613260904,129.84125089645386
CANBK,4,126.61312770843506,131.7318760553996,132.91312567392987,6.299997965494811,129.76312669118246
CANBK,5,127.42312526702881,127.84437529246011,131.63562552134198,4.21250025431317,129.5293753941854
CGPOWER,1,871.2927004496257,875.1447842915852,902.1093711853027,30.816670735677008,886.7010358174642
CGPOWER,2,871.2927004496257,875.1447842915852,894.4052035013835,23.112503051757812,882.8489519755046
CGPOWER,3,867.6229019165039,889.4770736694336,893.8479080200195,26.225006103515625,880.7354049682617
CGPOWER,4,863.3176956176758,871.7468643188477,913.892707824707,50.57501220703125,888.6052017211914
CGPOWER,5,865.5781059265137,870.4093564351399,894.5656089782715,28.987503051757812,880.0718574523926
CHOLAFIN,1,1771.3020960489907,1845.077089945475,1881.9645868937173,110.66249084472656,1826.633341471354
CHOLAFIN,2,1803.9437408447266,1841.5062510172525,1894.093765258789,90.1500244140625,1849.0187530517578
CHOLAFIN,3,1844.3541666666665,1844.3541666666665,1918.9375,74.58333333333348,1881.6458333333333
CHOLAFIN,4,1808.3312225341797,1883.0854034423828,1904.4437408447266,96.11251831054688,1856.3874816894531
CHOLAFIN,5,1776.0229314168296,1885.5604222615561,1946.4145838419595,170.3916524251299,1861.2187576293945
CIPLA,1,1372.6562856038413,1385.7437795003257,1425.0062611897788,52.3499755859375,1398.83127339681
CIPLA,2,1387.8625183105469,1387.8625183105469,1463.3707987467446,75.50828043619777,1425.6166585286458
CIPLA,3,1409.1249618530273,1461.7749710083008,1485.174975077311,76.0500132242837,1447.1499684651692
CIPLA,4,1421.2978973388672,1469.5062103271484,1488.789535522461,67.49163818359375,1455.043716430664
CIPLA,5,1394.7687199910483,1394.7687199910483,1457.318707784017,62.54998779296875,1426.0437138875327
COALINDIA,1,400.01873779296875,401.70623779296875,421.95623779296875,21.9375,410.98748779296875
COALINDIA,2,400.01873779296875,401.70623779296875,416.89373779296875,16.875,408.45623779296875
COALINDIA,3,400.01873779296875,401.70623779296875,415.20623779296875,15.1875,407.61248779296875
COALINDIA,4,403.8666572570801,415.5999946594238,430.2666664123535,26.400009155273438,417.0666618347168
COALINDIA,5,401.2979062398275,401.2979062398275,413.8645769755045,12.566670735677008,407.581241607666
COCHINSHIP,1,1416.4625244140625,1416.4625244140625,1548.0041910807292,131.54166666666674,1482.233357747396
COCHINSHIP,2,1416.4625244140625,1416.4625244140625,1536.045857747396,119.58333333333348,1476.2541910807292
COCHINSHIP,3,1462.0812606811523,1504.9770991007485,1539.2937698364258,77.21250915527344,1500.687515258789
COCHINSHIP,4,1465.2312469482422,1465.2312469482422,1540.343765258789,75.11251831054688,1502.7875061035156
COCHINSHIP,5,1434.977076212565,1471.8604176839194,1573.289606730143,138.31253051757812,1504.133341471354
COFORGE,1,1812.062484741211,1837.4124806722007,2014.8624521891275,202.79996744791652,1913.4624684651692
COFORGE,2,1761.362492879232,1837.4124806722007,1888.1124725341797,126.74997965494777,1824.7374827067058
COFORGE,3,1775.6624908447266,1838.6208140055337,1901.5791371663413,125.91664632161473,1838.620814005534
COFORGE,4,1655.587501525879,1655.587501525879,1855.0124740600586,199.4249725341797,1755.2999877929688
COFORGE,5,1637.71875,1637.71875,1857.65625,219.9375,1747.6875
COLPAL,1,1835.9687321980796,1860.8312352498374,1893.9812393188477,58.01250712076808,1864.9749857584636
COLPAL,2,1839.1853866577148,1859.943717956543,1922.2187118530273,83.0333251953125,1880.702049255371
COLPAL,3,1789.0687281290689,1872.693758646647,1914.506273905436,125.43754577636719,1851.7875010172525
COLPAL,4,1829.3061981201172,1863.4478607177734,2085.368667602539,256.0624694824219,1957.3374328613281
COLPAL,5,1962.5582987467446,2156.75824991862,2205.308237711589,242.7499389648442,2083.933268229167
CONCOR,1,498.3031196594238,513.3968722025554,525.4718742370605,27.16875457763672,511.8874969482422
CONCOR,2,497.76251220703125,513.5125122070312,518.7625122070312,21.0,508.26251220703125
CONCOR,3,502.54686737060547,513.0989557902019,519.4302088419597,16.883341471354242,510.9885381062826
CONCOR,4,499.1427205403646,499.1427205403646,520.6531372070312,21.51041666666663,509.89792887369794
CONCOR,5,492.99688720703125,499.1427205403646,520.6531372070312,27.65625,506.82501220703125
COROMANDEL,1,1931.71875,1940.9895833333335,2015.15625,83.4375,1973.4375
COROMANDEL,2,1904.4624938964844,1914.1041564941406,1981.5957946777344,77.13330078125,1943.0291442871094
COROMANDEL,3,1904.9937438964844,1914.9895731608071,2074.9228413899737,169.92909749348928,1989.958292643229
COROMANDEL,4,1904.9937438964844,1914.9895731608071,2074.9228413899737,169.92909749348928,1989.958292643229
COROMANDEL,5,1909.8686981201172,1909.8686981201172,2066.3353322347,156.46663411458303,1988.1020151774087
CUMMINSIND,1,5017.333333333334,5150.666666666666,5204.0,186.66666666666606,5110.666666666667
CUMMINSIND,2,4991.125,5151.625,5205.125,214.0,5098.125
CUMMINSIND,3,5161.875,5345.625,5581.875,420.0,5371.875
CUMMINSIND,4,5176.635416666666,5338.760416666666,5635.989583333334,459.3541666666679,5406.3125
CUMMINSIND,5,5262.6875,5334.5625,5646.020833333334,383.33333333333394,5454.354166666667
DABUR,1,383.8635342915853,383.8635342915853,403.83854039510095,19.975006103515625,393.85103734334314
DABUR,2,380.548952738444,384.3947881062826,405.54688262939453,24.99792989095056,393.04791768391925
DABUR,3,383.798952738444,412.8739649454752,424.98855336507165,41.18960062662768,404.3937530517578
DABUR,4,393.77604611714685,411.4656276702881,429.1552092234293,35.379163106282476,411.4656276702881
DABUR,5,404.83125368754065,411.6937529246012,427.7062511444092,22.874997456868527,416.2687524159749
DIVISLAB,1,9072.03125,9232.34375,9713.28125,641.25,9392.65625
DIVISLAB,2,8682.40625,9360.65625,9586.739583333332,904.3333333333321,9134.572916666666
DIVISLAB,3,8262.291666666668,8451.041666666668,9206.041666666668,943.75,8734.166666666668
DIVISLAB,4,8296.947916666668,8390.552083333332,9232.989583333334,936.0416666666661,8764.96875
DIVISLAB,5,8005.479166666666,8441.520833333332,9226.395833333332,1220.916666666666,8615.9375
DIXON,1,13342.708333333332,14776.041666666668,14955.208333333332,1612.5,14148.958333333332
DIXON,2,13880.208333333332,14776.041666666668,14955.208333333332,1075.0,14417.708333333332
DIXON,3,14116.25,14789.583333333332,14957.916666666668,841.6666666666679,14537.083333333334
DIXON,4,14141.479166666668,14792.770833333332,14970.395833333332,828.9166666666642,14555.9375
DIXON,5,14082.270833333332,14792.770833333332,14970.395833333332,888.125,14526.333333333332
DLF,1,656.2468681335449,659.561450958252,679.4489479064941,23.20207977294922,667.8479080200195
DLF,2,652.9322853088379,659.561450958252,679.4489479064941,26.51666259765625,666.190616607666
DLF,3,656.7093696594238,661.7968686421711,689.778113047282,33.06874338785815,673.2437413533529
DLF,4,654.883321126302,668.883321126302,689.883321126302,35.0,672.383321126302
DLF,5,654.2708282470703,669.2208404541016,684.1708526611328,29.9000244140625,669.2208404541016
DMART,1,3728.75,3833.75,4061.25,332.5,3895.0
DMART,2,3734.168731689453,3827.6895446777344,4089.547821044922,355.37908935546875,3911.8582763671875
DMART,3,3808.985382080078,3827.6895446777344,4052.1394958496094,243.15411376953125,3930.5624389648438
DMART,4,3850.231185913086,3895.4436798095703,4091.364486694336,241.13330078125,3970.797836303711
DMART,5,3890.664515177409,3890.664515177409,4052.2061614990234,161.54164632161428,3971.4353383382163
DRREDDY,1,1166.4166666666665,1185.5833333333335,1220.0833333333335,53.66666666666697,1193.25
DRREDDY,2,1164.1687393188477,1190.2020645141602,1206.4728927612305,42.30415344238281,1185.320816040039
DRREDDY,3,1167.4229049682617,1199.9645614624023,1206.4728927612305,39.04998779296875,1186.947898864746
DRREDDY,4,1167.5270462036133,1199.9853897094727,1206.4770584106445,38.95001220703125,1187.002052307129
DRREDDY,5,1136.2895965576172,1147.147933959961,1185.152114868164,48.862518310546875,1160.7208557128906
EICHERMOT,1,7645.416666666666,7717.083333333334,8075.416666666666,430.0,7860.416666666666
EICHERMOT,2,7643.1875,7706.4375,8054.3125,411.125,7848.75
EICHERMOT,3,7740.364583333334,7986.927083333334,8151.302083333334,410.9375,7945.833333333334
EICHERMOT,4,7849.947916666666,7986.927083333334,8151.302083333334,301.3541666666679,8000.625
EICHERMOT,5,7835.8125,7978.9375,8150.6875,314.875,7993.25
ENRIN,1,3121.770833333333,3205.645833333333,3345.4375,223.66666666666697,3233.6041666666665
ENRIN,2,3142.395833333333,3174.104166666667,3554.6041666666665,412.2083333333335,3348.5
ENRIN,3,3288.8125,3613.3125,3721.479166666667,432.66666666666697,3505.1458333333335
ENRIN,4,3281.25,3611.25,3721.25,440.0,3501.25
ENRIN,5,3336.25,3611.25,3721.25,385.0,3528.75
ETERNAL,1,322.6999899546305,325.49999046325684,329.6999912261963,7.000001271565793,326.1999905904134
ETERNAL,2,322.3614705403646,325.7052205403646,329.0489705403646,6.6875,325.7052205403646
ETERNAL,3,319.92708587646484,325.4104232788086,329.5229263305664,9.595840454101562,324.7250061035156
ETERNAL,4,314.7104288736979,325.4395955403646,329.73126220703125,15.020833333333371,322.22084554036456
ETERNAL,5,304.95103581746423,328.47187423706055,330.82395807902014,25.872922261555914,317.8874969482422
EXIDEIND,1,409.84063148498535,431.9635499318441,447.76563453674316,37.92500305175781,428.80313301086426
EXIDEIND,2,429.82708613077796,486.8895785013835,494.49791081746423,64.67082468668627,462.1624984741211
EXIDEIND,3,447.631254196167,447.631254196167,490.98124504089355,43.34999084472656,469.3062496185303
EXIDEIND,4,448.066660563151,448.066660563151,488.06666056315106,40.00000000000006,468.066660563151
EXIDEIND,5,437.7781283060709,447.284376780192,475.8031222025553,38.024993896484375,456.7906252543131
FEDERALBNK,1,337.19375483194983,348.36875788370764,363.26876195271814,26.075007120768305,350.231258392334
FEDERALBNK,2,343.9916693369547,348.8416716257731,363.39167849222815,19.400009155273438,353.69167391459143
FEDERALBNK,3,348.25625801086426,349.67709159851074,366.72709465026855,18.470836639404297,357.4916763305664
FEDERALBNK,4,349.7156194051107,355.99687449137366,358.5093765258789,8.793757120768191,354.1124979654948
FEDERALBNK,5,352.19583765665686,355.97083918253577,367.2958437601725,15.100006103515625,359.7458407084147
FORTIS,1,889.239596048991,912.1354344685872,916.7146021525066,27.475006103515625,902.9770991007488
FORTIS,2,888.2812716166179,917.6062685648601,917.6062685648601,29.324996948242188,902.943770090739
FORTIS,3,906.3187255859375,914.6937255859375,931.4437255859375,25.125,918.8812255859375
FORTIS,4,906.3187255859375,914.6937255859375,944.0062255859375,37.6875,925.1624755859375
FORTIS,5,906.3187255859375,914.6937255859375,944.0062255859375,37.6875,925.1624755859375
GAIL,1,172.1954174041748,172.5612506866455,174.75625038146973,2.560832977294922,173.47583389282227
GAIL,2,171.21979173024494,173.91187381744385,174.68104012807208,3.4612483978271484,172.9504159291585
GAIL,3,173.8825044631958,176.45750459035236,176.45750459035236,2.5750001271565566,175.17000452677408
GAIL,4,172.8525044123332,174.9125045140584,176.45750459035236,3.605000178019168,174.65500450134277
GAIL,5,172.62146282196045,176.39896297454834,176.39896297454834,3.7775001525878906,174.5102128982544
GLENMARK,1,2399.7438049316406,2452.2604878743487,2491.64800008138,91.90419514973928,2445.6959025065103
GLENMARK,2,2320.968780517578,2491.64800008138,2531.035512288411,210.06673177083303,2426.0021464029946
GLENMARK,3,2248.0750223795576,2263.7250264485674,2467.175079345703,219.10005696614553,2357.6250508626304
GLENMARK,4,2185.4750061035156,2216.775014241536,2404.575063069661,219.10005696614553,2295.0250345865884
GLENMARK,5,2185.4750061035156,2216.775014241536,2310.6750386555987,125.20003255208303,2248.075022379557
GMRAIRPORT,1,94.61624765396118,95.09374761581421,98.91374731063843,4.297499656677246,96.7649974822998
GMRAIRPORT,2,92.96687316894531,94.92062377929688,99.47937520345053,6.512502034505218,96.22312418619792
GMRAIRPORT,3,93.55562353134155,94.82979027430216,102.47479073206583,8.919167200724274,98.01520713170369
GMRAIRPORT,4,93.60937356948853,94.95520702997842,104.3760412534078,10.76666768391928,98.99270741144817
GMRAIRPORT,5,102.50000047683716,107.90000104904175,112.10000149408975,9.600001017252595,107.30000098546346
GODFRYPHLP,1,1991.5812327067056,2116.5687103271484,2162.018702189128,170.43746948242233,2076.799967447917
GODFRYPHLP,2,2024.625015258789,2128.3250274658203,2301.158381144206,276.53336588541697,2162.8916982014975
GODFRYPHLP,3,2135.0499725341797,2338.7166595458984,2399.816665649414,264.7666931152344,2267.433319091797
GODFRYPHLP,4,2037.8125,2054.3541666666665,2219.770833333333,181.95833333333303,2128.7916666666665
GODFRYPHLP,5,2054.3541666666665,2054.3541666666665,2219.770833333333,165.41666666666652,2137.0625
GODREJCP,1,860.9531478881836,876.4281438191731,922.8531316121419,61.89998372395826,891.9031397501627
GODREJCP,2,900.3760604858398,925.044807434082,1031.9427108764648,131.566650390625,966.1593856811523
GODREJCP,3,921.4635594685872,921.4635594685872,1064.2927118937173,142.82915242513013,992.8781356811522
GODREJCP,4,904.6343650817871,924.6718660990398,944.7093671162922,40.07500203450513,924.6718660990397
GODREJCP,5,926.4770723978679,926.4770723978679,934.5479062398274,8.070833841959484,930.5124893188477
GODREJPROP,1,1768.7708155314126,1768.7708155314126,2067.037498474121,298.2666829427085,1917.9041570027669
GODREJPROP,2,1775.541648864746,2011.7416610717773,2110.158332824707,334.61668395996094,1942.8499908447266
GODREJPROP,3,1993.4145202636719,2011.1186828613281,2099.6394958496094,106.2249755859375,2046.5270080566406
GODREJPROP,4,2016.2104314168296,2095.2812576293945,2174.35208384196,158.14165242513036,2095.2812576293945
GODREJPROP,5,2041.2749684651694,2103.924982706706,2175.524998982747,134.25003051757767,2108.399983723958
GRASIM,1,3273.625,3304.375,3335.125,61.5,3304.375
GRASIM,2,3258.7896219889326,3300.8063049316406,3332.318817138672,73.52919514973928,3295.5542195638022
GRASIM,3,3250.683430989583,3302.016764322917,3302.016764322917,51.33333333333394,3276.35009765625
GRASIM,4,3255.083384195964,3282.2167256673174,3322.9167378743487,67.83335367838481,3289.0000610351562
GRASIM,5,3245.9312540690107,3289.018778483073,3360.831319173177,114.90006510416606,3303.3812866210938
GROWW,1,192.54666932423908,192.54666932423908,201.2800054550171,8.733336130778014,196.91333738962808
GROWW,2,192.38375631968182,192.38375631968182,199.00375652313232,6.620000203450502,195.69375642140707
GROWW,3,192.38375631968182,192.38375631968182,197.3487564722697,4.965000152587891,194.86625639597577
GROWW,4,192.38375631968182,192.38375631968182,197.3487564722697,4.965000152587891,194.86625639597577
GROWW,5,194.46624946594238,197.0087490081787,203.7887477874756,9.322498321533203,199.12749862670898
GVT&D,1,4308.333333333334,4708.333333333334,4808.333333333334,500.0,4558.333333333334
GVT&D,2,4275.0,4708.333333333334,4808.333333333334,533.3333333333339,4541.666666666667
GVT&D,3,4275.0,4708.333333333334,4808.333333333334,533.3333333333339,4541.666666666667
GVT&D,4,4170.02496846517,4341.174982706705,4536.774998982748,366.7500305175781,4353.399983723959
GVT&D,5,4189.114517211914,4295.897842407227,4482.768661499023,293.6541442871094,4335.941589355469
HAL,1,4849.468597412109,5005.24779256185,5138.772816975912,289.3042195638027,4994.120707194011
HAL,2,4849.468597412109,5005.24779256185,5049.756134033203,200.28753662109375,4949.612365722656
HAL,3,4842.437347412109,4842.437347412109,5024.637379964193,182.20003255208394,4933.537363688151
HAL,4,4784.387512207031,4838.53749593099,5028.062438964844,243.6749267578125,4906.2249755859375
HAL,5,4848.506195068359,4848.506195068359,5078.139495849609,229.63330078125,4963.322845458984
HAVELLS,1,1085.9728927612305,1095.7187271118164,1222.4145736694336,136.44168090820312,1154.193733215332
HAVELLS,2,1144.447898864746,1163.939567565918,1300.381248474121,155.933349609375,1222.4145736694336
HAVELLS,3,1201.0416412353516,1292.2083282470703,1310.441665649414,109.4000244140625,1255.7416534423828
HAVELLS,4,1228.906224568685,1290.893742879232,1311.5562489827475,82.6500244140625,1270.2312367757163
HAVELLS,5,1230.9624862670898,1286.9874954223633,1311.8874994913735,80.9250132242837,1271.4249928792317
HCLTECH,1,1263.9020538330078,1263.9020538330078,1335.6937408447266,71.79168701171875,1299.7978973388672
HCLTECH,2,1260.9020690917969,1314.5979309082031,1375.9646301269531,115.06256103515625,1318.433349609375
HCLTECH,3,1306.9270935058594,1314.5979309082031,1360.6229553222656,53.69586181640625,1333.7750244140625
HCLTECH,4,1313.6021321614585,1343.4979654947915,1377.6646321614585,64.0625,1345.6333821614585
HCLTECH,5,1293.6937637329102,1353.5937881469727,1368.5687942504883,74.87503051757812,1331.1312789916992
HDFCAMC,1,2437.458333333333,2606.458333333333,2690.958333333333,253.5,2564.208333333333
HDFCAMC,2,2493.791666666667,2606.458333333333,2690.958333333333,197.16666666666606,2592.375
HDFCAMC,3,2511.3063049316406,2608.1104431152344,2691.085418701172,179.77911376953125,2601.1958618164062
HDFCAMC,4,2521.541666666667,2612.291666666667,2692.958333333333,171.41666666666606,2607.25
HDFCAMC,5,2530.65625,2607.15625,2693.21875,162.5625,2611.9375
HDFCBANK,1,700.1541811625164,717.0041720072429,728.2374992370605,28.083318074544195,714.1958401997884
HDFCBANK,2,712.0302200317383,726.4927139282227,731.3135452270508,19.2833251953125,721.6718826293945
HDFCBANK,3,708.4447987874348,727.1822865804036,736.551030476888,28.106231689453125,722.4979146321614
HDFCBANK,4,717.0625076293945,717.0625076293945,741.8125178019206,24.750010172526117,729.4375127156576
HDFCBANK,5,726.0208333333333,726.0208333333333,753.6875,27.666666666666742,739.8541666666666
HDFCLIFE,1,519.7062644958496,524.5979321797688,549.0562705993652,29.350006103515625,534.3812675476074
HDFCLIFE,2,535.6531372070312,549.7156372070312,563.7781372070312,28.125,549.7156372070312
HDFCLIFE,3,534.9583396911621,541.8083381652832,548.6583366394043,13.699996948242188,541.8083381652832
HDFCLIFE,4,533.9375,542.1875,547.6875,13.75,540.8125
HDFCLIFE,5,540.4666633605957,548.1333274841309,566.5333213806152,26.06665802001953,553.4999923706055
HEROMOTOCO,1,5287.03125,5313.927083333334,5690.46875,403.4375,5488.75
HEROMOTOCO,2,5214.1875,5310.5625,5728.1875,514.0,5471.1875
HEROMOTOCO,3,5215.125,5311.375,5696.375,481.25,5455.75
HEROMOTOCO,4,5353.94179280599,5692.491719563803,5918.191670735678,564.2498779296875,5636.066731770834
HEROMOTOCO,5,5267.270833333334,5699.354166666666,5915.395833333334,648.125,5591.333333333334
HINDALCO,1,989.337532043457,1015.6875381469727,1059.6042149861655,70.26668294270848,1024.4708735148113
HINDALCO,2,1008.4718704223633,1052.3218460083008,1057.803092956543,49.33122253417969,1033.1374816894531
HINDALCO,3,1004.2051773071289,1028.1322555541992,1052.0593338012695,47.854156494140625,1028.1322555541992
HINDALCO,4,1014.70933787028,1052.9218317667642,1084.7655766805015,70.05623881022143,1049.7374572753906
HINDALCO,5,976.4968439737956,1052.9218317667642,1084.7655766805015,108.2687327067058,1030.6312103271484
HINDPETRO,1,347.9000072479248,347.9000072479248,365.23334312438965,17.333335876464844,356.5666751861572
HINDPETRO,2,360.0395851135254,390.5354118347168,395.22707748413086,35.18749237060547,377.6333312988281
HINDPETRO,3,364.22604052225745,389.6218662261963,399.78019650777185,35.5541559855144,382.00311851501465
HINDPETRO,4,371.78020222981775,389.12395222981775,400.68645222981775,28.90625,386.23332722981775
HINDPETRO,5,383.1187553405762,389.0812568664551,408.95626195271814,25.837506612141965,396.03750864664715
HINDUNILVR,1,1931.7708333333335,1938.4791666666665,2005.5625,73.79166666666652,1968.6666666666667
HINDUNILVR,2,1943.9916229248047,1972.4582977294922,2029.3916473388672,85.4000244140625,1986.691635131836
HINDUNILVR,3,1957.087458292643,1965.9124603271484,2080.637486775716,123.55002848307277,2018.8624725341795
HINDUNILVR,4,2032.462516784668,2087.1708450317383,2207.529167175293,175.066650390625,2119.9958419799805
HINDUNILVR,5,2064.84375,2082.802083333333,2136.677083333333,71.83333333333303,2100.7604166666665
HINDZINC,1,588.6666603088379,592.1333274841309,619.8666648864746,31.20000457763672,604.2666625976562
HINDZINC,2,581.733325958252,592.1333274841309,619.8666648864746,38.133338928222656,600.7999954223633
HINDZINC,3,581.0656318664551,599.930212656657,618.7947934468586,37.72916158040357,599.9302126566569
HINDZINC,4,580.25,589.25,620.75,40.5,600.5
HINDZINC,5,568.0718612670898,591.7489496866863,629.6322911580403,61.560429890950445,598.8520762125651
HUDCO,1,172.76771068572998,173.80729389190674,186.28229236602783,13.514581680297852,179.5250015258789
HUDCO,2,169.26562786102295,181.082293510437,188.4677095413208,19.20208168029785,178.86666870117188
HUDCO,3,175.09479649861652,183.4822934468587,193.2677065531413,18.172910054524777,184.1812515258789
HUDCO,4,187.0129172007243,202.02291170756024,204.52457745869953,17.511660257975223,195.7687473297119
HUDCO,5,190.92187627156574,201.71562067667645,204.65936915079754,13.737492879231809,197.79062271118164
HYUNDAI,1,2161.989583333333,2181.03125,2276.239583333333,114.25,2219.114583333333
HYUNDAI,2,2176.8250274658203,2215.408350626628,2246.2750091552734,69.44998168945312,2211.550018310547
HYUNDAI,3,2184.5416920979815,2215.408350626628,2230.84167989095,46.29998779296875,2207.691685994466
HYUNDAI,4,2153.858352661133,2220.7750091552734,2220.7750091552734,66.91665649414062,2187.316680908203
HYUNDAI,5,2155.802083333333,2214.71875,2273.635416666667,117.83333333333394,2214.71875
ICICIAMC,1,3067.954198201497,3083.795862833659,3242.2125091552734,174.25831095377634,3155.0833536783853
ICICIAMC,2,2972.9042104085283,3083.795862833659,3115.4791920979815,142.57498168945312,3044.191701253255
ICICIAMC,3,2988.7458750406904,3083.795862833659,3131.3208567301435,142.57498168945312,3060.033365885417
ICICIAMC,4,3045.53125,3091.46875,3137.40625,91.875,3091.46875
ICICIAMC,5,3075.4375,3087.645833333333,3136.479166666667,61.04166666666697,3105.9583333333335
ICICIBANK,1,1380.0416666666665,1427.375,1451.0416666666665,71.0,1415.5416666666665
ICICIBANK,2,1408.439592997233,1427.6229222615561,1451.6020838419595,43.16249084472656,1430.0208384195962
ICICIBANK,3,1411.8749872843423,1427.274991353353,1446.5249964396157,34.65000915527344,1429.199991861979
ICICIBANK,4,1424.3229166666665,1430.03125,1450.0104166666665,25.6875,1437.1666666666665
ICICIBANK,5,1426.53125,1430.21875,1459.71875,33.1875,1443.125
ICICIGI,1,1503.4604008992515,1607.4562454223633,1645.2729161580405,141.81251525878906,1574.366658528646
ICICIGI,2,1524.5124969482422,1601.7791798909507,1650.070856730143,125.55835978190089,1587.2916768391926
ICICIGI,3,1559.6187184651694,1600.531224568685,1668.718734741211,109.10001627604152,1614.1687266031902
ICICIGI,4,1589.775016784668,1600.7583491007485,1677.641675313314,87.86665852864598,1633.708346048991
ICICIGI,5,1591.5187301635742,1600.7228978474936,1646.7437362670898,55.225006103515625,1619.131233215332
IDEA,1,14.215624988079071,15.456041634082794,15.742291629314423,1.5266666412353516,14.978958308696747
IDEA,2,13.965416928132374,15.097916742165882,15.727083305517832,1.761666377385458,14.846250116825104
IDEA,3,13.862708548704784,13.99562519788742,15.457708338896435,1.5949997901916504,14.66020844380061
IDEA,4,13.11937528848648,13.927291810512543,15.31229156255722,2.1929162740707397,14.21583342552185
IDEA,5,12.773125350475311,13.003958642482758,13.927291810512543,1.1541664600372314,13.350208580493927
IDFCFIRSTB,1,85.01812521616617,86.20312531789145,89.4618755976359,4.443750381469727,87.24000040690103
IDFCFIRSTB,2,85.18333260218301,86.34999895095825,87.98333183924356,2.799999237060547,86.58333222071329
IDFCFIRSTB,3,84.71666606267294,84.71666606267294,86.34999895095825,1.6333328882853095,85.5333325068156
IDFCFIRSTB,4,84.71708408991495,86.02125120162964,86.02125120162964,1.3041671117146905,85.3691676457723
IDFCFIRSTB,5,84.84916687011719,86.08416748046875,86.08416748046875,1.2350006103515625,85.46666717529297
INDHOTEL,1,716.0260327657063,720.4802004496257,733.8427035013835,17.816670735677235,724.9343681335449
INDHOTEL,2,712.7760327657063,719.6843681335449,728.319787343343,15.543754577636719,720.5479100545247
INDHOTEL,3,715.4572893778484,719.7364590962727,732.5739682515461,17.116678873697765,724.0156288146973
INDHOTEL,4,716.6760393778484,725.9843788146973,737.6198031107585,20.943763732910156,727.1479212443035
INDHOTEL,5,718.1343727111816,720.3781242370605,738.3281364440918,20.193763732910156,728.2312545776367
INDIANB,1,849.9124870300293,877.4458325703938,904.9791781107585,55.06669108072924,877.4458325703939
INDIANB,2,871.7687505086262,889.9937566121419,896.0687586466472,24.300008138020985,883.9187545776367
INDIANB,3,869.3562558492024,890.2687594095867,893.2562599182129,23.900004069010492,881.3062578837076
INDIANB,4,867.7843818664551,890.0218849182129,893.7281354268391,25.94375356038404,880.7562586466471
INDIANB,5,850.3531176249187,888.0406227111816,903.1156247456868,52.76250712076808,876.7343711853027
INDIGO,1,4924.979166666666,4977.5625,5319.354166666666,394.375,5122.166666666666
INDIGO,2,4910.40625,4993.96875,5188.947916666666,278.54166666666606,5049.677083333333
INDIGO,3,4979.208333333334,4979.208333333334,5350.791666666666,371.5833333333321,5165.0
INDIGO,4,5170.78125,5195.760416666666,5420.572916666666,249.79166666666606,5295.677083333333
INDIGO,5,5106.291666666666,5184.041666666666,5365.458333333334,259.1666666666679,5235.875
INDUSINDBK,1,952.4604314168294,962.052096048991,1005.2145868937175,52.75415547688817,978.8375091552734
INDUSINDBK,2,963.6354166666667,963.6354166666667,1012.34375,48.70833333333326,987.9895833333334
INDUSINDBK,3,995.9812431335449,1002.2062441507976,1036.443749745687,40.46250661214208,1016.212496439616
INDUSINDBK,4,1002.2062441507976,1008.43124516805,1023.9937477111816,21.78750356038404,1013.0999959309896
INDUSINDBK,5,1001.6374855041504,1013.3624839782715,1028.9958152770996,27.35832977294922,1015.316650390625
INDUSTOWER,1,376.652089436849,383.5062561035156,385.464589436849,8.8125,381.058339436849
INDUSTOWER,2,375.4656276702881,383.4427127838135,385.72187995910645,10.25625228881836,380.59375381469727
INDUSTOWER,3,374.37499618530273,383.0749931335449,385.97499211629236,11.599995930989621,380.17499415079754
INDUSTOWER,4,374.37499618530273,385.97499211629236,388.8749910990397,14.499994913736941,381.6249936421712
INDUSTOWER,5,379.171875,384.703125,397.609375,18.4375,388.390625
INFY,1,1053.5437342325845,1133.7062454223633,1162.8562494913735,109.31251525878906,1108.199991861979
INFY,2,1079.15625,1135.3229166666665,1191.4895833333335,112.33333333333348,1135.3229166666667
INFY,3,1114.2604166666665,1135.3229166666665,1170.4270833333335,56.16666666666697,1142.34375
INFY,4,1117.6000137329102,1134.8000106811523,1169.2000045776367,51.59999084472656,1143.4000091552734
INFY,5,1108.2229283650718,1168.5895868937173,1191.2270838419595,83.00415547688772,1149.7250061035156
IOC,1,135.83437061309814,137.80311997731525,138.1968698501587,2.362499237060547,137.01562023162842
IOC,2,134.763121287028,137.59062067667645,139.4756202697754,4.712498982747377,137.1193707784017
IOC,3,136.82625198364258,143.93124771118164,144.94624710083008,8.1199951171875,140.88624954223633
IOC,4,137.72000408172607,140.44000148773193,144.9733304977417,7.253326416015625,141.3466672897339
IOC,5,138.7868766784668,140.44187545776367,144.99312210083008,6.206245422363281,141.88999938964844
IRCTC,1,471.109375,471.109375,489.859375,18.75,480.484375
IRCTC,2,471.65625,471.65625,505.19791666666663,33.54166666666663,488.4270833333333
IRCTC,3,485.1177043914795,517.5427074432373,525.6489582061768,40.531253814697266,505.3833312988281
IRCTC,4,481.2562599182129,488.293758392334,509.40625381469727,28.149993896484375,495.3312568664551
IRCTC,5,489.625,489.625,514.5416666666667,24.916666666666742,502.08333333333337
IREDA,1,111.69375085830688,112.26625076929727,117.41874996821085,5.724999109903962,114.55625041325887
IREDA,2,113.41125059127808,118.56374979019165,119.70874961217245,6.297499020894378,116.56000010172527
IREDA,3,115.76895729700723,119.9656252861023,123.63770977656046,7.868752479553223,119.70333353678384
IREDA,4,116.74062744776407,120.19687700271606,123.65312655766806,6.91249910990399,120.19687700271606
IREDA,5,118.61354239781699,119.88229258855185,122.41979297002158,3.80625057220459,120.51666768391928
IRFC,1,78.74750328063965,80.70583534240723,85.0141658782959,6.26666259765625,81.88083457946777
IRFC,2,82.05937671661377,86.18812465667725,88.94062328338623,6.881246566772461,85.5
IRFC,3,83.4593734741211,86.1468734741211,90.62604014078775,7.166666666666657,87.04270680745442
IRFC,4,85.87604252497354,88.66145785649618,90.25312376022339,4.377081235249847,88.06458314259847
IRFC,5,85.60000069936117,88.59999942779541,88.59999942779541,2.9999987284342353,87.10000006357829
ITC,1,258.81041844685876,266.37708918253577,269.2145907084147,10.404172261555914,264.0125045776367
ITC,2,258.68750063578284,263.7875016530355,268.8875026702881,10.200002034505246,263.78750165303546
ITC,3,265.5343716939291,287.14686457316077,291.77811304728186,26.24374135335279,278.65624237060547
ITC,4,270.16562016805017,287.14686457316077,291.77811304728186,21.612492879231695,280.971866607666
ITC,5,276.94061279296875,287.34686279296875,291.97186279296875,15.03125,284.45623779296875
JINDALSTEL,1,1124.3166783650718,1141.6166814168296,1176.2166875203452,51.90000915527344,1150.2666829427085
JINDALSTEL,2,1095.483339945475,1124.3166783650718,1153.150016784668,57.66667683919286,1124.3166783650715
JINDALSTEL,3,1095.483339945475,1107.016675313314,1147.3833491007485,51.90000915527344,1121.4333445231118
JINDALSTEL,4,1092.8083419799805,1106.1750106811523,1179.6916885375977,86.88334655761719,1136.250015258789
JINDALSTEL,5,1082.475008646647,1104.5250116984048,1192.725023905436,110.25001525878906,1137.6000162760415
JIOFIN,1,230.58291244506836,238.9362449645996,249.37791061401367,18.794998168945312,239.98041152954102
JIOFIN,2,235.28332901000977,257.77666091918945,262.5966606140137,27.313331604003906,248.93999481201172
JIOFIN,3,239.49000549316406,263.8500111897787,267.3300120035807,27.84000651041663,253.41000874837238
JIOFIN,4,242.02292219797772,246.5104233423869,262.9645942052206,20.941672007242857,252.49375820159915
JIOFIN,5,242.76938343048096,247.39313411712646,264.34688663482666,21.577503204345703,253.5581350326538
JSWENERGY,1,520.8156242370605,525.5531272888184,558.715648651123,37.9000244140625,539.7656364440918
JSWENERGY,2,524.8114560445149,531.5072924296062,581.7260653177898,56.91460927327489,553.2687606811523
JSWENERGY,3,524.8999996185303,524.8999996185303,557.9000136057537,33.00001398722338,541.400006612142
JSWENERGY,4,536.9000047047932,545.9000085194905,566.9000174204509,30.000012715657704,551.9000110626221
JSWENERGY,5,543.2229143778484,559.293758392334,563.8854281107585,20.662513732910156,553.5541712443035
JSWSTEEL,1,1276.0833333333335,1317.4166666666665,1348.4166666666665,72.33333333333303,1312.25
JSWSTEEL,2,1270.9166666666665,1270.9166666666665,1317.4166666666665,46.5,1294.1666666666665
JSWSTEEL,3,1290.220848083496,1315.3708419799805,1348.904167175293,58.683319091796875,1319.5625076293945
JSWSTEEL,4,1270.768783569336,1314.531265258789,1319.3937632242837,48.624979654947765,1295.0812733968098
JSWSTEEL,5,1271.627067565918,1317.7145767211914,1348.439582824707,76.81251525878906,1310.0333251953125
JUBLFOOD,1,474.0218753814697,493.34478314717614,507.14686012268066,33.12498474121094,490.5843677520752
JUBLFOOD,2,490.5843677520752,490.5843677520752,509.9072755177816,19.322907765706418,500.2458216349284
JUBLFOOD,3,467.41875076293945,482.0687446594238,507.7062339782715,40.28748321533203,487.56249237060547
JUBLFOOD,4,480.862491607666,507.7124824523926,512.1874809265137,31.324989318847656,496.52498626708984
JUBLFOOD,5,475.6562309265137,480.6270637512207,510.4520606994629,34.79582977294922,493.0541458129883
KALYANKJIL,1,578.0177116394043,584.6385459899902,611.121883392334,33.10417175292969,594.5697975158691
KALYANKJIL,2,594.5697975158691,607.811466217041,621.0531349182129,26.48333740234375,607.811466217041
KALYANKJIL,3,594.5697975158691,611.121883392334,624.3635520935059,29.79375457763672,609.4666748046875
KALYANKJIL,4,581.5385449727376,612.3552157084148,620.059383392334,38.52083841959643,600.7989641825358
KALYANKJIL,5,588.306246439616,596.1312484741211,623.5187555948894,35.21250915527344,605.9125010172527
KEI,1,4477.25,4658.75,5203.25,726.0,4840.25
KEI,2,4719.25,4900.75,5868.75,1149.5,5294.0
KEI,3,4900.75,5384.75,5868.75,968.0,5384.75
KEI,4,5298.21875,5394.34375,5874.96875,576.75,5586.59375
KEI,5,5394.34375,5394.34375,5730.78125,336.4375,5562.5625
KOTAKBANK,1,412.336462020874,422.92396354675293,428.2177143096924,15.88125228881836,420.2770881652832
KOTAKBANK,2,401.58750216166175,422.88750521341956,428.212505976359,26.625003814697266,414.9000040690104
KOTAKBANK,3,396.2625013987223,422.88750521341956,428.212505976359,31.95000457763672,412.23750368754065
KOTAKBANK,4,385.92811393737793,391.6843662261963,420.4656276702881,34.537513732910156,403.196870803833
KOTAKBANK,5,381.47500673929846,383.6250069936117,398.6750087738037,17.200002034505246,390.0750077565511
KPITTECH,1,551.0249926249187,587.424996693929,614.7249997456868,63.70000712076808,582.8749961853027
KPITTECH,2,569.8249956766765,587.6249936421711,636.574988047282,66.74999237060547,603.1999918619792
KPITTECH,3,591.1687431335449,614.9437522888184,638.7187614440918,47.550018310546875,614.9437522888184
KPITTECH,4,598.7385482788086,635.259391784668,660.8239822387695,62.08543395996094,629.7812652587891
KPITTECH,5,592.2646077473958,635.9521077473958,660.2229410807292,67.95833333333348,626.2437744140625
LAURUSLABS,1,1882.5687840779624,1906.3937861124673,2049.3437983194985,166.77501424153616,1965.9562911987305
LAURUSLABS,2,1862.4125137329102,1906.704175313314,1977.5708338419595,115.15832010904933,1919.9916737874348
LAURUSLABS,3,1844.6250330607095,1906.575040181478,1977.3750483194985,132.75001525878906,1911.000040690104
LAURUSLABS,4,1817.622907002767,1900.5979131062827,1942.0854161580405,124.46250915527344,1879.8541615804038
LAURUSLABS,5,1741.41872660319,1844.2437388102212,1929.9312489827473,188.51252237955737,1835.6749877929688
LENSKART,1,650.0531323750813,660.3906313578289,686.2343788146973,36.18124643961596,668.1437555948893
LENSKART,2,635.6187362670898,662.1020736694336,701.8270797729492,66.20834350585938,668.7229080200195
LENSKART,3,634.4041608174641,658.4374961853027,700.4958330790203,66.09167226155614,667.4499969482422
LENSKART,4,611.606258392334,660.9062461853027,691.7187385559082,80.11248016357422,651.6624984741211
LENSKART,5,584.8395919799805,607.8229293823242,671.0271072387695,86.18751525878906,627.933349609375
LGEINDIA,1,1647.75,1693.25,1699.75,52.0,1673.75
LGEINDIA,2,1655.1416549682617,1689.8749923706055,1698.5583267211914,43.41667175292969,1676.8499908447266
LGEINDIA,3,1653.6666666666665,1696.3333333333335,1696.3333333333335,42.66666666666697,1675.0
LGEINDIA,4,1659.304183959961,1693.0791778564453,1704.3375091552734,45.0333251953125,1681.8208465576172
LGEINDIA,5,1648.0458526611328,1693.0791778564453,1749.370834350586,101.32498168945312,1698.7083435058594
LICHSGFIN,1,534.3823102315266,534.3823102315266,565.6989809672039,31.316670735677235,550.0406455993652
LICHSGFIN,2,518.7239748636882,534.3823102315266,577.4427324930828,58.71875762939453,548.0833536783855
LICHSGFIN,3,506.9802233378092,534.3823102315266,577.4427324930828,70.46250915527355,542.211477915446
LICHSGFIN,4,506.9802233378092,534.3823102315266,577.4427324930828,70.46250915527355,542.211477915446
LICHSGFIN,5,501.8239733378092,519.6864763895671,555.4114824930828,53.58750915527355,528.617727915446
LODHA,1,1139.3708419799805,1160.9875106811523,1269.0708541870117,129.70001220703125,1204.220848083496
LODHA,2,1139.3708419799805,1225.837516784668,1301.4958572387695,162.12501525878906,1220.433349609375
LODHA,3,1196.0208460489907,1224.9458491007485,1253.8708521525064,57.850006103515625,1224.9458491007485
LODHA,4,1210.990592956543,1284.0593338012695,1284.0593338012695,73.06874084472656,1247.5249633789062
LODHA,5,1183.8406117757163,1285.1093393961587,1285.1093393961587,101.2687276204424,1234.4749755859375
LT,1,3874.4707132975263,3874.4707132975263,4064.287322998047,189.81660970052053,3969.3790181477866
LT,2,3955.820688883464,4064.287322998047,4118.520640055338,162.6999511718741,4037.170664469401
LT,3,4008.0957082112627,4048.862350463867,4120.203974405924,112.10826619466116,4064.1498413085933
LT,4,3979.9186401367188,4049.1477661132812,4090.6852416992188,110.7666015625,4035.3019409179688
LT,5,3931.0936482747393,4049.3060913085938,4116.85605875651,185.76241048177053,4023.9748535156245
LTF,1,284.0312487284342,284.0312487284342,316.23124059041345,32.19999186197924,300.1312446594238
LTF,2,308.2874946594238,309.69582748413086,318.14582443237305,9.858329772949219,313.21665954589844
LTF,3,310.3875045776367,318.58749643961585,319.6124954223633,9.224990844726562,315.0
LTF,4,310.34686279296875,318.00311279296875,326.75311279296875,16.40625,318.54998779296875
LTF,5,309.0843664805094,317.8781147003174,326.67186292012536,17.58749643961596,317.8781147003174
LTM,1,4370.479166666666,4580.1875,4670.0625,299.58333333333394,4520.270833333333
LTM,2,4372.1875,4574.895833333334,4661.770833333334,289.58333333333394,4516.979166666667
LTM,3,4430.729166666666,4598.4375,4622.395833333334,191.66666666666788,4526.5625
LTM,4,4436.5625,4589.6875,4620.3125,183.75,4528.4375
LTM,5,4440.412521362305,4596.445846557617,4752.47917175293,312.066650390625,4596.445846557617
LUPIN,1,2106.15625,2164.28125,2261.15625,155.0,2183.65625
LUPIN,2,2136.406265258789,2301.0562896728516,2355.939631144206,219.53336588541697,2246.1729482014975
LUPIN,3,2177.375,2400.208333333333,2432.041666666667,254.66666666666697,2304.7083333333335
LUPIN,4,2217.537582397461,2404.6375579833984,2467.004216512044,249.46663411458303,2342.2708994547525
LUPIN,5,2278.929117838542,2405.262451171875,2515.804117838542,236.875,2397.366617838542
M&M,1,2995.7124938964844,3077.6124776204424,3302.837432861328,307.12493896484375,3149.2749633789062
M&M,2,3166.2979431152344,3418.8479919433594,3524.077178955078,357.77923583984375,3345.1875610351562
M&M,3,3311.548014322917,3427.923014322917,3524.902180989583,213.35416666666606,3418.22509765625
M&M,4,3281.368784586589,3428.4063212076826,3526.431345621745,245.06256103515625,3403.900065104167
M&M,5,3276.589680989583,3426.402180989583,3526.277180989583,249.6875,3401.433430989583
M&MFIN,1,354.0354245503744,373.66458765665686,396.09791692097986,42.06249237060547,375.0666707356771
M&MFIN,2,370.29166666666663,398.04166666666663,413.45833333333337,43.16666666666674,391.875
M&MFIN,3,376.6656176249186,400.4593722025553,413.6781247456869,37.012507120768305,395.17187118530273
M&MFIN,4,385.12395540873206,400.71145693461096,413.70104153951013,28.57708613077807,399.4124984741211
M&MFIN,5,376.44583574930823,376.44583574930823,400.7958342234294,24.34999847412115,388.6208349863688
MANKIND,1,2345.6375427246094,2392.7375590006513,2486.9375915527344,141.300048828125,2416.287567138672
MANKIND,2,2315.145833333333,2391.854166666667,2479.520833333333,164.375,2397.333333333333
MANKIND,3,2354.202036539714,2388.6895243326826,2446.168670654297,91.96663411458303,2400.1853535970054
MANKIND,4,2350.854166666667,2391.479166666667,2499.8125,148.95833333333303,2425.3333333333335
MANKIND,5,2407.3584086100263,2496.141713460286,2635.658335367839,228.2999267578125,2521.5083719889326
MARICO,1,815.0312423706055,830.885403951009,865.7645594278972,50.73331705729174,840.3979008992513
MARICO,2,802.3479131062825,808.6895777384441,837.2270685831706,34.87915547688817,819.7874908447266
MARICO,3,829.6031227111816,858.1531105041504,879.565601348877,49.96247863769531,854.5843620300293
MARICO,4,834.4124755859375,859.4124755859375,887.5374755859375,53.125,860.9749755859375
MARICO,5,845.5812339782715,858.7687314351399,874.5937283833821,29.0124944051106,860.0874811808268
MARUTI,1,12177.604166666668,12258.645833333332,13474.270833333332,1296.6666666666642,12825.9375
MARUTI,2,12577.833333333332,12750.5,13872.833333333332,1295.0,13225.333333333332
MARUTI,3,12852.854166666668,14139.729166666668,14397.104166666668,1544.25,13624.979166666668
MARUTI,4,13577.5,14177.5,14252.5,675.0,13915.0
MARUTI,5,13637.229166666668,14155.145833333332,14414.104166666668,776.875,14025.666666666668
MAXHEALTH,1,988.3791631062825,1008.9208246866863,1033.5708185831704,45.191655476887945,1010.9749908447264
MAXHEALTH,2,985.0312525431316,1002.6812566121419,1029.1562627156577,44.12501017252612,1007.0937576293946
MAXHEALTH,3,988.5729192097981,1006.0604222615559,1029.377092997233,40.80417378743482,1008.9750061035155
MAXHEALTH,4,990.0249900817871,1009.4749946594238,1067.825008392334,77.80001831054688,1028.9249992370605
MAXHEALTH,5,996.5083249409993,1002.9916598002117,1080.7916781107583,84.28335316975904,1038.650001525879
MAZDOCK,1,2266.1500091552734,2586.6833750406904,2646.783381144206,380.6333719889326,2456.4666951497397
MAZDOCK,2,2466.483362833659,2586.6833750406904,2626.750045776367,160.26668294270803,2546.616704305013
MAZDOCK,3,2464.762466430664,2493.2124786376953,2578.562515258789,113.800048828125,2521.6624908447266
MAZDOCK,4,2487.6188201904297,2487.6188201904297,2616.5188039143877,128.89998372395803,2552.0688120524087
MAZDOCK,5,2487.6188201904297,2584.2938079833984,2648.743799845378,161.12497965494822,2568.181310017904
MCX,1,3174.472920735677,3297.2437133789062,3370.9061889648438,196.43326822916697,3272.6895548502603
MCX,2,2984.9999745686846,3316.9999949137373,3383.3999989827475,398.40002441406295,3184.199986775716
MCX,3,2930.59375,3313.072916666667,3382.6145833333335,452.0208333333335,3156.604166666667
MCX,4,2756.739583333333,2930.59375,3382.6145833333335,625.8750000000005,3069.677083333333
MCX,5,2714.84375,2947.15625,3345.40625,630.5625,3030.125
MFSL,1,1395.7999827067056,1395.7999827067056,1528.4000091552734,132.60002644856786,1462.0999959309895
MFSL,2,1510.472915649414,1540.6895904541016,1601.1229400634766,90.6500244140625,1555.7979278564453
MFSL,3,1512.5229263305664,1544.377098083496,1576.2312698364258,63.708343505859375,1544.377098083496
MFSL,4,1504.712506612142,1539.0625127156577,1556.2375157674155,51.52500915527344,1530.4750111897788
MFSL,5,1504.712506612142,1539.0625127156577,1556.2375157674155,51.52500915527344,1530.4750111897788
MOTHERSON,1,162.37478923797607,162.37478923797607,168.70104312896729,6.326253890991211,165.53791618347168
MOTHERSON,2,163.0777063369751,168.70104312896729,172.91854572296143,9.840839385986328,167.99812602996826
MOTHERSON,3,161.3243754704793,164.4406264623006,169.63437811533612,8.310002644856809,165.47937679290771
MOTHERSON,4,154.27604357401532,164.07937812805176,172.65729586283368,18.38125228881836,163.4666697184245
MOTHERSON,5,151.84750175476074,164.83083661397296,172.6208375295003,20.773335774739564,162.23416964213052
MOTILALOFS,1,941.2728856404622,941.2728856404622,1029.6187057495117,88.34582010904955,985.4457956949869
MOTILALOFS,2,940.4541473388672,940.4541473388672,1031.2957916259766,90.84164428710938,985.8749694824219
MOTILALOFS,3,934.8354047139485,934.8354047139485,1038.5853741963706,103.7499694824221,986.7103894551595
MOTILALOFS,4,885.0353978474934,939.510403951009,1048.4604161580405,163.4250183105471,966.747907002767
MOTILALOFS,5,839.6395594278972,885.0353978474934,939.510403951009,99.87084452311183,889.5749816894531
MPHASIS,1,2353.4000549316406,2453.2666931152344,2538.866668701172,185.46661376953125,2446.1333618164062
MPHASIS,2,2397.374984741211,2480.0916086832685,2527.358250935872,129.98326619466116,2462.3666178385415
MPHASIS,3,2397.374984741211,2456.458287556966,2503.7249298095703,106.34994506835938,2450.5499572753906
MPHASIS,4,2396.5708058675127,2410.512466430664,2508.1040903727217,111.53328450520894,2452.337448120117
MPHASIS,5,2366.9000040690107,2412.499979654948,2549.2999064127607,182.39990234375,2458.0999552408857
MRF,1,127817.5,133482.5,135542.5,7725.0,131680.0
MRF,2,130057.1875,133552.8125,135550.3125,5493.125,132803.75
MRF,3,131590.5208333333,133420.7291666667,135616.9791666667,4026.458333333372,133603.75
MRF,4,131776.4583333333,133593.5416666667,135670.2083333333,3893.75,133723.3333333333
MRF,5,131502.8125,131502.8125,133822.1875,2319.375,132662.5
MUTHOOTFIN,1,2842.4292043050127,3148.2125091552734,3235.579167683919,393.14996337890625,3039.004185994466
MUTHOOTFIN,2,2820.5875396728516,2886.112533569336,3126.3708445231123,305.7833048502607,2973.479192097982
MUTHOOTFIN,3,2826.864583333333,2826.864583333333,2946.760416666667,119.89583333333394,2886.8125
MUTHOOTFIN,4,2826.864583333333,2826.864583333333,2994.71875,167.85416666666697,2910.7916666666665
MUTHOOTFIN,5,2826.864583333333,2826.864583333333,3018.697916666667,191.83333333333394,2922.78125
NATIONALUM,1,370.6229203542074,375.3645865122477,401.4437503814697,30.820830027262332,386.03333536783856
NATIONALUM,2,378.63959185282386,414.6895949045817,420.6979287465414,42.058336893717524,399.6687602996826
NATIONALUM,3,368.35729916890466,379.99896685282386,403.2823022206625,34.92500305175781,385.81980069478357
NATIONALUM,4,371.4625053405762,378.9791730244955,412.80417760213214,41.34167226155597,392.13334147135413
NATIONALUM,5,375.22083918253577,378.9791730244955,412.80417760213214,37.58333841959637,394.012508392334
NAUKRI,1,1284.462516784668,1354.8874893188477,1386.1874771118164,101.72496032714844,1335.3249969482422
NAUKRI,2,1282.2416508992515,1345.391660054525,1387.4916661580405,105.25001525878906,1334.866658528646
NAUKRI,3,1278.0812352498374,1348.1687444051108,1387.1062494913735,109.02501424153616,1332.5937423706055
NAUKRI,4,1260.2708333333335,1343.9375,1385.7708333333335,125.5,1323.0208333333335
NAUKRI,5,1228.8958333333335,1343.9375,1385.7708333333335,156.875,1307.3333333333335
NESTLEIND,1,1389.675048828125,1465.5083821614585,1511.0083821614585,121.33333333333348,1450.3417154947917
NESTLEIND,2,1408.839614868164,1471.460433959961,1543.027084350586,134.18746948242188,1475.933349609375
NESTLEIND,3,1452.03125,1466.9895833333335,1511.8645833333335,59.833333333333485,1481.9479166666667
NESTLEIND,4,1468.34375,1505.96875,1549.8645833333335,81.52083333333348,1509.1041666666667
NESTLEIND,5,1439.9083124796548,1484.0416539510093,1506.108324686686,66.20001220703125,1473.0083185831704
NHPC,1,75.87062644958496,76.31937599182129,76.61854235331217,0.7479159037272041,76.24458440144856
NHPC,2,75.96250104904175,76.27916733423868,76.75416676203409,0.7916657129923408,76.35833390553792
NHPC,3,75.53958638509116,76.24791971842447,77.31041971842447,1.7708333333333144,76.42500305175781
NHPC,4,75.89375305175781,76.60208638509116,78.72708638509116,2.833333333333343,77.31041971842448
NHPC,5,77.37624979019165,81.12541659673056,82.8295833269755,5.453333536783845,80.10291655858357
NMDC,1,83.50312519073486,84.33229160308838,87.23437404632568,3.7312488555908203,85.36874961853027
NMDC,2,83.50312519073486,84.33229160308838,85.99062442779541,2.487499237060547,84.74687480926514
NMDC,3,83.56562662124634,84.23645957310995,85.57812547683716,2.0124988555908203,84.57187604904175
NMDC,4,84.23645957310995,85.24270900090536,88.93229023615518,4.6958306630452284,86.58437490463257
NMDC,5,83.56562662124634,83.90104309717813,85.57812547683716,2.0124988555908203,84.57187604904175
NTPC,1,325.39687728881836,327.35104497273767,334.1906318664551,8.793754577636719,329.7937545776367
NTPC,2,326.37396113077796,327.35104497273767,338.0989672342936,11.725006103515625,332.23646418253577
NTPC,3,326.6062488555908,326.6062488555908,340.31041272481286,13.704163869222043,333.45833079020184
NTPC,4,327.0,327.0,344.33333333333337,17.33333333333337,335.6666666666667
NTPC,5,339.16249656677246,347.3624986012777,352.4874998728434,13.325003306070926,345.8249982198079
NYKAA,1,331.87811279296875,337.97186279296875,344.06561279296875,12.1875,337.97186279296875
NYKAA,2,323.34686279296875,329.44061279296875,337.97186279296875,14.625,330.65936279296875
NYKAA,3,325.78436279296875,336.75311279296875,337.97186279296875,12.1875,331.87811279296875
NYKAA,4,327.00311279296875,336.75311279296875,337.97186279296875,10.96875,332.48748779296875
NYKAA,5,329.3010342915853,337.03853734334314,347.35520807902014,18.05417378743482,338.32812118530273
OBEROIRLTY,1,1841.6728871663413,1891.7895456949868,1904.3187103271484,62.64582316080714,1872.9957987467449
OBEROIRLTY,2,1829.1437225341797,1891.7895456949868,1904.3187103271484,75.17498779296875,1866.731216430664
OBEROIRLTY,3,1842.8729146321616,1894.102060953776,1904.347890218099,61.4749755859375,1873.6104024251304
OBEROIRLTY,4,1850.0562286376953,1891.035385131836,1899.231216430664,49.17498779296875,1874.6437225341797
OBEROIRLTY,5,1825.468734741211,1899.231216430664,1956.602035522461,131.13330078125,1891.035385131836
OFSS,1,11574.0,11850.0,12402.0,828.0,11988.0
OFSS,2,11750.791666666668,12107.208333333332,12514.541666666668,763.75,12132.666666666668
OFSS,3,11591.25,11821.25,12108.75,517.5,11850.0
OFSS,4,11485.3125,11719.6875,12188.4375,703.125,11836.875
OFSS,5,10667.625,10765.041666666668,11739.208333333332,1071.5833333333321,11203.416666666666
OIL,1,476.12188720703125,494.7052205403646,494.7052205403646,18.58333333333337,485.41355387369794
OIL,2,469.10937881469727,471.85729598999023,493.840633392334,24.73125457763672,481.4750061035156
OIL,3,470.01251220703125,470.01251220703125,502.9291788736979,32.91666666666663,486.47084554036456
OIL,4,455.587495803833,471.7374973297119,498.65416653951013,43.06667073567712,477.12083117167157
OIL,5,449.42916552225745,471.01250648498535,486.1208451588949,36.691679636637446,467.7750053405762
ONGC,1,234.14020442962646,236.20187282562256,238.26354122161865,4.1233367919921875,236.20187282562256
ONGC,2,234.27291011810303,235.88041019439697,239.6312437057495,5.358333587646484,236.95207691192627
ONGC,3,235.82270399729413,239.37520567576092,241.74354012807208,5.920836130777957,238.7831220626831
ONGC,4,236.9454116821289,238.39374542236328,241.29041290283203,4.345001220703125,239.11791229248047
ONGC,5,237.13020261128742,238.105619430542,242.00728670756024,4.877084096272824,239.56874465942383
PAGEIND,1,35361.77083333333,35682.1875,36803.64583333333,1441.875,36082.70833333333
PAGEIND,2,35698.125,37265.625,40139.375,4441.25,37918.75
PAGEIND,3,35791.97916666667,37218.22916666667,40546.14583333333,4754.166666666657,38169.0625
PAGEIND,4,36046.45833333333,37128.125,41454.79166666667,5408.333333333343,38750.625
PAGEIND,5,36857.70833333333,37128.125,40102.70833333333,3245.0,38480.20833333333
PATANJALI,1,337.35729153951013,356.6447900136312,388.790620803833,51.43332926432288,363.07395617167157
PATANJALI,2,348.278122584025,356.1906210581461,356.1906210581461,7.912498474121094,352.2343718210856
PATANJALI,3,347.7166690826416,355.1166706085205,360.05000495910645,12.333335876464844,353.883337020874
PATANJALI,4,347.3812561035156,352.902089436849,360.6312561035156,13.25,354.0062561035156
PATANJALI,5,344.57499504089355,353.2749996185303,357.62500190734863,13.050006866455078,351.0999984741211
PAYTM,1,1655.808364868164,1797.5250091552734,1849.058334350586,193.24996948242188,1752.433349609375
PAYTM,2,1607.4895833333335,1795.6354166666667,1795.6354166666667,188.14583333333326,1701.5625
PAYTM,3,1540.5750147501626,1540.5750147501626,1726.4250055948892,185.84999084472656,1633.500010172526
PAYTM,4,1549.345853169759,1549.345853169759,1722.6708806355794,173.3250274658203,1636.0083669026692
PAYTM,5,1391.437515258789,1536.045862833659,1721.9708811442058,330.53336588541674,1556.7041982014975
PERSISTENT,1,5443.708333333334,5684.375,5684.375,240.66666666666606,5564.041666666667
PERSISTENT,2,5426.697916666666,5561.572916666666,5673.96875,247.27083333333394,5550.333333333333
PERSISTENT,3,5479.427083333334,5479.427083333334,5676.260416666666,196.83333333333212,5577.84375
PERSISTENT,4,5475.354166666666,5503.395833333334,5671.645833333334,196.29166666666788,5573.5
PERSISTENT,5,5417.864634195963,5496.606292724609,5654.0896097819,236.2249755859375,5535.977121988932
PFC,1,345.6270739237467,352.4104092915853,376.15208307902014,30.525009155273438,360.8895785013834
PFC,2,341.1968631744385,350.99061393737793,373.8426990509033,32.645835876464844,357.5197811126709
PFC,3,345.9822807312012,353.7281150817871,380.8385353088379,34.85625457763672,363.41040802001953
PFC,4,342.2437381744385,346.2062384287516,393.7562414805094,51.512503306070926,367.99998982747394
PFC,5,375.57500648498535,395.87500190734863,429.7083276112875,54.13332112630212,402.6416670481364
PHOENIXLTD,1,1878.537457784017,1896.487459818522,1950.3374659220376,71.80000813802053,1914.4374618530273
PHOENIXLTD,2,1886.1749725341797,1892.458307902018,1930.1583201090493,43.98334757486964,1908.1666463216145
PHOENIXLTD,3,1876.7729008992515,1895.0104039510093,1925.4062423706055,48.633341471354015,1901.0895716349285
PHOENIXLTD,4,1894.7957916259766,1933.504135131836,1948.9874725341797,54.191680908203125,1921.8916320800781
PHOENIXLTD,5,1893.9479064941406,1932.2645568847656,1941.8437194824219,47.89581298828125,1917.8958129882812
PIDILITIND,1,1576.5687204996743,1653.1812388102212,1695.7437489827475,119.17502848307322,1636.156234741211
PIDILITIND,2,1633.716657002767,1695.849998474121,1703.6166661580405,69.90000915527344,1668.6666615804038
PIDILITIND,3,1634.3937606811523,1655.2812576293945,1704.0187505086265,69.62498982747411,1669.2062555948894
PIDILITIND,4,1614.3124643961587,1624.9624684651694,1667.562484741211,53.250020345052235,1640.9374745686848
PIDILITIND,5,1618.7499872843423,1625.8499883015952,1696.849998474121,78.1000111897788,1657.7999928792317
PIIND,1,2345.875,2390.125,2537.625,191.75,2441.75
PIIND,2,2377.687469482422,2551.9291076660156,2775.954071044922,398.2666015625,2576.820770263672
PIIND,3,2449.875,2558.875,2831.375,381.5,2640.625
PIIND,4,2486.614583333333,2548.052083333333,2834.760416666667,348.14583333333394,2660.6875
PIIND,5,2499.768829345703,2552.881317138672,2836.147918701172,336.37908935546875,2667.9583740234375
PNB,1,115.89000272750854,116.93000237147012,119.2700015703837,3.3799988428751533,117.58000214894612
PNB,2,116.05000146230063,116.9500010808309,119.35000006357828,3.2999986012776503,117.70000076293945
PNB,3,115.75000158945718,116.05000146230063,118.15000057220459,2.3999989827474053,116.95000108083089
PNB,4,113.95374981562296,117.01374991734824,119.30874999364218,5.355000178019225,116.63124990463257
PNB,5,109.66875123977661,110.17291784286499,115.71875047683716,6.049999237060547,112.69375085830688
POLICYBZR,1,1197.2812525431314,1197.2812525431314,1789.7062708536782,592.4250183105469,1493.4937616984048
POLICYBZR,2,1726.6666412353516,1774.133316040039,1833.4666595458984,106.80001831054688,1780.066650390625
POLICYBZR,3,1596.9375228881836,1621.6541875203452,1794.670839945475,197.73331705729152,1695.8041814168294
POLICYBZR,4,1599.8875198364258,1613.9958521525064,1825.6208368937173,225.73331705729152,1712.7541783650715
POLICYBZR,5,1556.4812291463218,1618.631233215332,1789.5437444051106,233.06251525878884,1673.0124867757163
POLYCAB,1,8157.8125,8329.4375,9015.9375,858.125,8586.875
POLYCAB,2,8157.8125,8329.4375,9073.145833333332,915.3333333333321,8615.479166666666
POLYCAB,3,8366.8125,8366.8125,9196.1875,829.375,8781.5
POLYCAB,4,8922.1875,9071.5625,9270.729166666668,348.5416666666679,9096.458333333334
POLYCAB,5,9004.916666666668,9055.25,9231.416666666668,226.5,9118.166666666668
POWERGRID,1,263.77813720703125,264.37188720703125,267.93438720703125,4.15625,265.85626220703125
POWERGRID,2,263.77813720703125,264.37188720703125,268.52813720703125,4.75,266.15313720703125
POWERGRID,3,263.7250118255615,266.4250113169352,270.47501055399573,6.749998728434207,267.1000111897786
POWERGRID,4,263.7250118255615,270.47501055399573,273.1750100453695,9.44999821980798,268.4500109354655
POWERGRID,5,268.0593662261963,270.73020108540857,293.4322973887125,25.372931162516238,280.7458318074544
POWERINDIA,1,30808.4375,31066.979166666664,33393.85416666667,2585.4166666666715,32101.145833333336
POWERINDIA,2,32104.6875,35577.1875,36445.3125,4340.625,34275.0
POWERINDIA,3,32437.5,35457.5,36464.16666666667,4026.6666666666715,34450.833333333336
POWERINDIA,4,32382.5,35442.5,36462.5,4080.0,34422.5
POWERINDIA,5,32382.5,35442.5,36462.5,4080.0,34422.5
PREMIERENE,1,906.6062431335449,1003.6562614440918,1068.356273651123,161.75003051757812,987.481258392334
PREMIERENE,2,971.3062553405762,1003.6562614440918,1060.2687721252441,88.96251678466797,1015.7875137329102
PREMIERENE,3,1003.6062469482422,1003.6062469482422,1044.3729298909507,40.766682942708485,1023.9895884195964
PREMIERENE,4,999.9208399454753,1008.2041753133137,1041.337516784668,41.41667683919263,1020.6291783650717
PREMIERENE,5,1011.4999847412109,1011.4999847412109,1057.699966430664,46.199981689453125,1034.5999755859375
PRESTIGE,1,1494.8791681925454,1585.7041956583657,1646.2542139689126,151.3750457763672,1570.566691080729
PRESTIGE,2,1565.520856221517,1605.8875350952148,1626.070874532064,60.550018310546875,1595.7958653767905
PRESTIGE,3,1581.2749786376953,1598.1749827067056,1623.5249888102212,42.25001017252589,1602.3999837239583
PRESTIGE,4,1585.762540181478,1600.8125381469727,1630.9125340779624,45.149993896484375,1608.3375371297202
PRESTIGE,5,1584.7187805175781,1584.7187805175781,1623.9437561035156,39.2249755859375,1604.3312683105469
RADICO,1,4476.212381998697,4700.312479654947,4737.66249593099,261.4501139322929,4606.937438964844
RADICO,2,4476.212381998697,4625.612447102865,4737.66249593099,261.4501139322929,4606.937438964844
RADICO,3,4424.356170654297,4523.631195068359,4622.906219482422,198.550048828125,4523.631195068359
RADICO,4,4232.931325276693,4232.931325276693,4594.168772379557,361.23744710286337,4413.550048828125
RADICO,5,4230.67701212565,4230.67701212565,4643.735402425131,413.0583902994804,4437.206207275391
RECLTD,1,307.823964436849,315.06354777018225,320.855214436849,13.03125,314.339589436849
RECLTD,2,316.9291648864746,338.6041603088379,365.09582138061523,48.166656494140625,341.0124931335449
RECLTD,3,320.06874656677246,344.93125343322754,375.3187618255615,55.25001525878906,347.693754196167
RECLTD,4,326.05208142598474,343.12708600362146,377.2770951588949,51.225013732910156,351.6645882924398
RECLTD,5,338.2062543233236,343.4312553405762,369.55626042683923,31.350006103515625,353.8812573750814
RELIANCE,1,1248.78125,1310.03125,1330.4479166666665,81.66666666666652,1289.6145833333333
RELIANCE,2,1281.9208450317383,1313.0125045776367,1326.337501525879,44.416656494140625,1304.1291732788086
RELIANCE,3,1289.75,1310.75,1335.25,45.5,1312.5
RELIANCE,4,1282.1937688191733,1282.1937688191733,1314.7812576293945,32.5874888102212,1298.487513224284
RELIANCE,5,1287.8396224975586,1311.864616394043,1343.8979415893555,56.058319091796875,1315.868782043457
RVNL,1,200.4335371653239,212.51020749409992,217.03895886739093,16.60542170206702,208.73624801635742
RVNL,2,203.97749487559003,212.00249576568604,228.0524975458781,24.075002670288086,216.01499621073407
RVNL,3,204.20999336242676,211.44332695007324,230.2499942779541,26.040000915527344,217.22999382019043
RVNL,4,218.23687362670898,225.09728876749676,231.9577039082845,13.720830281575502,225.09728876749674
RVNL,5,220.16416517893475,223.95749759674072,230.59582932790119,10.431664148966433,225.37999725341797
SAIL,1,182.48187828063965,197.5381310780843,200.27563158671063,17.793753306070982,191.37875493367514
SAIL,2,177.20562553405762,191.28229586283365,200.08021481831867,22.87458928426105,188.64292017618814
SAIL,3,175.44604174296063,191.28229586283365,200.08021481831867,24.634173075358035,187.76312828063965
SAIL,4,171.9268741607666,191.28229586283365,200.08021481831867,28.153340657552064,186.00354448954263
SAIL,5,160.6943702697754,171.4318733215332,183.95896021525067,23.26458994547528,172.32666524251303
SBICARD,1,630.889591217041,647.9645881652832,656.5020866394043,25.61249542236328,643.6958389282227
SBICARD,2,641.1458333333333,649.2708333333333,657.3958333333333,16.25,649.2708333333333
SBICARD,3,641.1458333333333,649.2708333333333,657.3958333333333,16.25,649.2708333333333
SBICARD,4,640.7625058492024,648.7875073750813,656.8125089009602,16.050003051757812,648.7875073750813
SBICARD,5,640.7625058492024,646.1125068664551,659.4875094095867,18.725003560384266,650.1250076293945
SBILIFE,1,1742.7999801635742,1742.7999801635742,1779.9999618530273,37.199981689453125,1761.3999710083008
SBILIFE,2,1710.614601135254,1746.1312637329102,1817.1645889282227,106.54998779296875,1763.8895950317383
SBILIFE,3,1726.9166666666665,1757.4166666666665,1838.75,111.83333333333348,1782.8333333333333
SBILIFE,4,1772.275016784668,1884.7250035603843,1910.6750005086265,138.39998372395848,1841.4750086466472
SBILIFE,5,1785.0375188191733,1883.3875045776367,1911.4875005086265,126.44998168945312,1848.2625096639
SBIN,1,978.500005086263,991.1000111897786,1041.5000356038413,63.00003051757835,1010.0000203450521
SBIN,2,1019.4604339599609,1049.7312774658203,1110.272964477539,90.81253051757812,1064.86669921875
SBIN,3,1039.185432434082,1050.1937637329102,1099.7312545776367,60.54582214355469,1069.4583435058594
SBIN,4,1039.260398864746,1049.002067565918,1097.7104110717773,58.45001220703125,1068.4854049682617
SBIN,5,1039.456241607666,1049.764575958252,1101.3062477111816,61.850006103515625,1070.3812446594238
SHREECEM,1,22637.291666666664,24282.708333333336,25180.208333333336,2542.9166666666715,23908.75
SHREECEM,2,23521.458333333336,24303.125,26257.291666666664,2735.8333333333285,24889.375
SHREECEM,3,23341.25,24420.416666666664,24852.083333333336,1510.8333333333358,24096.666666666668
SHREECEM,4,23901.875,24276.041666666664,25959.791666666664,2057.9166666666642,24930.833333333332
SHREECEM,5,24109.375,24262.291666666664,26097.291666666664,1987.9166666666642,25103.333333333332
SHRIRAMFIN,1,1011.4208145141602,1124.3541641235352,1138.470832824707,127.05001831054688,1074.9458236694336
SHRIRAMFIN,2,1035.0749842325845,1123.2749964396157,1145.3249994913735,110.25001525878906,1090.199991861979
SHRIRAMFIN,3,1068.6937306722007,1121.4562123616538,1150.7687021891275,82.07497151692678,1109.731216430664
SHRIRAMFIN,4,1043.2312456766763,1043.2312456766763,1125.2937126159668,82.06246693929052,1084.2624791463215
SHRIRAMFIN,5,1043.150001525879,1043.150001525879,1136.9499588012695,93.79995727539062,1090.0499801635742
SIEMENS,1,3925.629069010417,4042.379069010417,4139.670735677084,214.04166666666697,4032.6499023437505
SIEMENS,2,3945.08740234375,4042.379069010417,4100.754069010416,155.66666666666606,4022.920735677083
SIEMENS,3,3969.216588338216,4045.0832468668623,4101.983240763346,132.7666524251299,4035.599914550781
SIEMENS,4,3970.2437133789062,4041.9061889648438,4137.45615641276,167.21244303385356,4053.849934895833
SIEMENS,5,3898.5812377929688,4041.9061889648438,4137.45615641276,238.87491861979106,4018.0186971028643
SOLARINDS,1,19622.916666666664,20326.25,21557.083333333336,1934.1666666666715,20590.0
SOLARINDS,2,19579.166666666664,20292.5,21540.833333333336,1961.6666666666715,20560.0
SOLARINDS,3,19519.1875,19919.9375,21322.5625,1803.375,20420.875
SOLARINDS,4,19674.6875,19836.3125,21290.9375,1616.25,20482.8125
SOLARINDS,5,18827.5,19779.5,20612.5,1785.0,19720.0
SRF,1,2516.572916666667,2533.53125,2584.40625,67.83333333333303,2550.4895833333335
SRF,2,2516.572916666667,2533.53125,2592.885416666667,76.3125,2554.729166666667
SRF,3,2565.729166666667,2574.1875,2624.9375,59.20833333333303,2595.3333333333335
SRF,4,2582.856231689453,2636.88959757487,2690.922963460286,108.06673177083303,2636.8895975748696
SRF,5,2623.46875,2694.552083333333,2961.114583333333,337.64583333333303,2792.2916666666665
SUNPHARMA,1,1863.9333445231118,1903.133356730143,1981.5333811442056,117.60003662109375,1922.7333628336587
SUNPHARMA,2,1883.5333506266275,1935.800033569336,1955.4000396728516,71.86668904622411,1919.4666951497395
SUNPHARMA,3,1901.375,1939.875,1959.125,57.75,1930.25
SUNPHARMA,4,1938.9958724975586,1961.3208694458008,2043.1791915893555,104.18331909179688,1991.087532043457
SUNPHARMA,5,1938.9958724975586,1946.4375381469727,1998.529197692871,59.5333251953125,1968.7625350952148
SUPREMEIND,1,3517.5,3590.833333333333,3700.833333333333,183.33333333333303,3609.1666666666665
SUPREMEIND,2,3517.5,3590.833333333333,3700.833333333333,183.33333333333303,3609.1666666666665
SUPREMEIND,3,3515.5999450683594,3601.999969482422,3702.799997965495,187.20005289713572,3609.1999715169272
SUPREMEIND,4,3477.6875,3598.145833333333,3649.770833333333,172.08333333333303,3563.7291666666665
SUPREMEIND,5,3391.645833333333,3391.645833333333,3598.145833333333,206.5,3494.895833333333
SUZLON,1,43.371875286102295,46.82562494277954,49.128124713897705,5.75624942779541,46.25
SUZLON,2,45.69749903678894,46.957499265670776,49.16249966621399,3.465000629425049,47.429999351501465
SUZLON,3,46.64687442779541,48.42895793914795,49.192708015441895,2.5458335876464844,47.91979122161865
SUZLON,4,46.902290900548294,47.242707649866745,48.26395789782207,1.3616669972737725,47.58312439918518
SUZLON,5,46.7393753528595,47.38687539100647,48.35812544822693,1.6187500953674316,47.54875040054321
SWIGGY,1,273.87812868754065,276.5156281789144,280.471877415975,6.593748728434321,277.1750030517578
SWIGGY,2,275.19687843322754,276.5156281789144,280.471877415975,5.274998982747434,277.83437792460126
SWIGGY,3,276.8093789418539,276.8093789418539,285.9031276702881,9.093748728434207,281.356253306071
SWIGGY,4,273.5591707229614,275.7275037765503,290.90583515167236,17.346664428710938,282.2325029373169
SWIGGY,5,277.6606225967407,282.8681230545044,293.28312397003174,15.622501373291016,285.47187328338623
TATACAP,1,348.9375,363.9375,377.0625,28.125,363.0
TATACAP,2,360.58228874206543,363.6114559173584,374.2135410308838,13.63125228881836,367.3979148864746
TATACAP,3,366.06875801086426,380.69376055399573,389.46876207987464,23.40000406901038,377.76876004536945
TATACAP,4,359.4906253814697,365.4343776702881,373.3593807220459,13.868755340576172,366.4250030517578
TATACAP,5,359.51562690734863,366.334379196167,375.42604891459143,15.9104220072428,367.47083791097003
TATACOMM,1,1660.1270395914712,1707.9520517985025,1747.8062286376953,87.67918904622411,1703.9666341145833
TATACOMM,2,1699.981216430664,1739.835393269857,1827.5145823160806,127.53336588541652,1763.7478993733723
TATACOMM,3,1694.5999857584634,1713.7999979654946,1790.6000467936196,96.00006103515625,1742.6000162760415
TATACOMM,4,1698.566635131836,1712.2999725341797,1801.566665649414,103.00003051757812,1750.066650390625
TATACOMM,5,1728.233294169108,1765.2999649047852,1830.1666386922202,101.93334452311228,1779.199966430664
TATACONSUM,1,1003.3312594095867,1012.106258392334,1082.306250254313,78.97499084472634,1042.8187548319497
TATACONSUM,2,993.7375030517578,1014.370844523112,1065.9541982014975,72.21669514973973,1029.8458506266277
TATACONSUM,3,1041.375,1092.2083333333335,1107.4583333333335,66.08333333333348,1074.4166666666667
TATACONSUM,4,1063.2958450317383,1092.145851135254,1120.9958572387695,57.70001220703125,1092.145851135254
TATACONSUM,5,1074.9625244140625,1086.5875244140625,1121.4625244140625,46.5,1098.2125244140625
TATAELXSI,1,3236.400014241536,3236.400014241536,3658.800079345703,422.40006510416697,3447.6000467936196
TATAELXSI,2,3451.168716430664,3697.12707010905,3844.702082316081,393.53336588541697,3647.9353993733725
TATAELXSI,3,3643.9375,3684.520833333333,3806.270833333333,162.33333333333303,3725.1041666666665
TATAELXSI,4,3583.7562103271484,3667.8312225341797,3737.893732706706,154.1375223795576,3660.8249715169272
TATAELXSI,5,3490.1561787923174,3490.1561787923174,3741.7062276204424,251.550048828125,3615.93120320638
TATAINVEST,1,686.099988301595,725.2999954223633,747.6999994913738,61.6000111897788,716.8999938964844
TATAINVEST,2,686.099988301595,725.2999954223633,747.6999994913738,61.6000111897788,716.8999938964844
TATAINVEST,3,642.8312288920085,646.9437294006348,688.0687344868977,45.23750559488917,665.4499816894531
TATAINVEST,4,667.9770901997883,690.4520810445149,712.9270718892415,44.949981689453125,690.4520810445149
TATAINVEST,5,669.9260470072429,693.3385378519695,712.8489468892415,42.922899881998546,691.3874969482422
TATAPOWER,1,358.26562118530273,367.2781181335449,382.29894638061523,24.0333251953125,370.282283782959
TATAPOWER,2,362.3708311716715,365.9874973297119,384.0708281199137,21.699996948242188,373.2208296457926
TATAPOWER,3,364.17916425069177,380.4541619618734,389.49582735697425,25.316663106282476,376.837495803833
TATAPOWER,4,365.9874973297119,380.4541619618734,389.49582735697425,23.508330027262332,377.7416623433431
TATAPOWER,5,371.89374923706055,380.7062466939291,382.46874618530273,10.574996948242188,377.18124771118164
TATASTEEL,1,183.88000011444092,187.24000136057538,187.72000153859454,3.840001424153627,185.80000082651773
TATASTEEL,2,183.85937690734863,186.43229484558105,187.9760456085205,4.116668701171875,185.91771125793457
TATASTEEL,3,183.69687334696454,184.8343728383382,188.2468713124593,4.549997965494754,185.9718723297119
TATASTEEL,4,183.12812360127765,184.8343728383382,187.67812156677246,4.549997965494811,185.40312258402506
TATASTEEL,5,182.55937385559082,186.54062207539874,187.67812156677246,5.118747711181641,185.11874771118164
TCS,1,2211.1750106811523,2211.1750106811523,2361.6750411987305,150.50003051757812,2286.4250259399414
TCS,2,2263.8186798095703,2279.3061777750654,2434.1811574300127,170.3624776204424,2348.9999186197915
TCS,3,2287.570816040039,2359.620803833008,2467.695785522461,180.12496948242188,2377.63330078125
TCS,4,2322.368682861328,2364.21869913737,2447.918731689453,125.550048828125,2385.1437072753906
TCS,5,2300.345896402995,2363.1375427246094,2488.720835367839,188.37493896484375,2394.533365885417
TECHM,1,1557.7708333333335,1626.9791666666665,1645.8541666666665,88.08333333333303,1601.8125
TECHM,2,1585.4479293823242,1634.4187698364258,1662.4021072387695,76.95417785644531,1623.9250183105469
TECHM,3,1593.5729166666665,1647.09375,1654.7395833333335,61.16666666666697,1624.15625
TECHM,4,1616.5124893188477,1652.854148864746,1652.854148864746,36.34165954589844,1634.6833190917969
TECHM,5,1599.1312255859375,1650.964558919271,1683.360392252604,84.22916666666652,1641.2458089192708
TIINDIA,1,2724.9375,2893.9375,2978.4375,253.5,2851.6875
TIINDIA,2,2746.0625,2893.9375,2978.4375,232.375,2862.25
TIINDIA,3,2758.9938049316406,2895.2937723795576,2980.481252034505,221.48744710286428,2869.7375284830728
TIINDIA,4,2753.1875712076826,2901.4125264485674,2901.4125264485674,148.2249552408848,2827.300048828125
TIINDIA,5,2766.662567138672,2901.4125264485674,2914.8875223795576,148.22495524088572,2840.7750447591147
TITAN,1,4918.872985839844,5057.106384277344,5178.060607910156,259.1876220703125,5048.466796875
TITAN,2,4987.989685058594,5039.827209472656,5108.943908691406,120.9542236328125,5048.466796875
TITAN,3,4984.364542643229,5068.089640299479,5123.9063720703125,139.54182942708394,5054.1354573567705
TITAN,4,4947.212554931641,5072.162628173828,5176.287689208984,229.07513427734375,5061.7501220703125
TITAN,5,4907.537648518881,5028.912668863932,5174.562693277994,267.02504475911337,5041.0501708984375
TMCV,1,447.4124946594238,474.3374900817871,486.3041547139486,38.89166005452478,466.8583246866862
TMCV,2,453.3958269755045,474.3374900817871,480.32082239786786,26.924995422363338,466.85832468668616
TMCV,3,452.67187309265137,476.0906162261963,486.49894650777185,33.82707341512048,469.5854098002116
TMCV,4,452.274995803833,475.9583237965902,486.10832150777185,33.83332570393884,469.1916586558024
TMCV,5,448.5124931335449,474.7041562398275,485.9291547139486,37.416661580403684,467.22082392374676
TMPV,1,304.3625043233236,312.06250635782874,333.23751195271814,28.87500762939453,318.80000813802087
TMPV,2,309.1156222025553,311.4093716939291,343.52186457316077,34.40624237060547,326.31874338785804
TMPV,3,314.21875381469727,347.29376093546546,352.01876195271814,37.80000813802087,333.1187578837077
TMPV,4,310.603120803833,312.58437156677246,342.30313301086426,31.70001220703125,326.45312690734863
TMPV,5,325.6552047729492,346.98021697998047,352.3114700317383,26.656265258789062,338.98333740234375
TORNTPHARM,1,4878.40625,4956.03125,5059.53125,181.125,4968.96875
TORNTPHARM,2,4852.53125,4878.40625,4956.03125,103.5,4904.28125
TORNTPHARM,3,4895.75,4950.25,5022.916666666666,127.16666666666606,4959.333333333333
TORNTPHARM,4,4877.583333333334,4895.75,5004.75,127.16666666666606,4941.166666666667
TORNTPHARM,5,4896.006317138672,4896.006317138672,5024.731292724609,128.7249755859375,4960.368804931641
TRENT,1,2753.468719482422,2810.785369873047,2911.0895080566406,157.62078857421875,2832.2791137695312
TRENT,2,2811.4061787923174,2986.418731689453,3040.268747965495,228.8625691731777,2925.8374633789062
TRENT,3,2909.6875,3132.895833333333,3234.354166666667,324.66666666666697,3072.0208333333335
TRENT,4,2945.78125,3126.822916666667,3235.447916666667,289.66666666666697,3090.6145833333335
TRENT,5,2895.572916666667,2895.572916666667,3031.739583333333,136.16666666666606,2963.65625
TVSMOTOR,1,4072.364583333333,4152.78125,4313.614583333334,241.2500000000009,4192.989583333334
TVSMOTOR,2,4112.572916666666,4152.78125,4373.927083333334,261.3541666666679,4243.25
TVSMOTOR,3,4300.006271362305,4370.289596557617,4475.714584350586,175.70831298828125,4387.860427856445
TVSMOTOR,4,4233.34375,4365.53125,4471.28125,237.9375,4352.3125
TVSMOTOR,5,3958.9000549316406,4348.233347574869,4465.033335367838,506.1332804361973,4211.966695149739
ULTRACEMCO,1,10909.645833333332,10958.854166666668,11549.354166666668,639.7083333333358,11229.5
ULTRACEMCO,2,11103.0625,11536.1875,12093.0625,990.0,11598.0625
ULTRACEMCO,3,11242.8125,11544.6875,12027.6875,784.875,11635.25
ULTRACEMCO,4,11466.8125,11466.8125,11952.1875,485.375,11709.5
ULTRACEMCO,5,11729.6875,12045.8125,12221.4375,491.75,11975.5625
UNIONBANK,1,183.16854540507,186.10021146138507,189.0318775177002,5.863332112630189,186.1002114613851
UNIONBANK,2,183.16854540507,185.36729494730633,189.0318775177002,5.863332112630189,186.1002114613851
UNIONBANK,3,183.17312335968018,185.78937435150146,189.27770900726318,6.104585647583008,186.22541618347168
UNIONBANK,4,180.52812449137372,185.65937550862628,191.8168767293294,11.288752237955691,186.17250061035156
UNIONBANK,5,174.0974988937378,174.0974988937378,187.35750102996826,13.260002136230469,180.72749996185303
UNITDSPR,1,1429.1312408447266,1534.9187672932944,1559.33127339681,130.20003255208348,1494.2312571207683
UNITDSPR,2,1461.6812489827475,1534.9187672932944,1559.33127339681,97.6500244140625,1510.5062611897788
UNITDSPR,3,1492.5062840779624,1522.3562800089517,1559.668774922689,67.16249084472656,1526.0875295003257
UNITDSPR,4,1512.1687850952148,1521.927116394043,1551.2021102905273,39.0333251953125,1531.685447692871
UNITDSPR,5,1450.9562606811523,1534.2479375203452,1559.235440572103,108.27917989095067,1505.0958506266277
UPL,1,564.3374862670898,572.2374903361003,590.0124994913738,25.67501322428393,577.1749928792318
UPL,2,562.674991607666,566.108325958252,574.6916618347168,12.016670227050781,568.6833267211914
UPL,3,564.684383392334,564.684383392334,580.8468742370605,16.162490844726562,572.7656288146973
UPL,4,564.684383392334,564.684383392334,586.2343711853027,21.54998779296875,575.4593772888184
UPL,5,572.7656288146973,594.315616607666,621.253101348877,48.48747253417969,597.0093650817871
VBL,1,410.2020905812582,429.5895837148031,446.82291094462073,36.620820363362554,428.51250076293945
VBL,2,410.9062589009603,429.00625483194983,449.3687502543131,38.46249135335279,430.1375045776367
VBL,3,410.9062589009603,429.00625483194983,449.3687502543131,38.46249135335279,430.1375045776367
VBL,4,430.8781318664551,439.5718803405762,445.36771265665686,14.489580790201785,438.12292226155597
VBL,5,433.59167671203613,441.1416759490967,461.2750072479248,27.683330535888672,447.43334197998047
VEDL,1,261.32291666666663,275.76041666666663,278.96875,17.64583333333337,270.1458333333333
VEDL,2,270.94791666666663,282.17708333333337,290.19791666666663,19.25,280.57291666666663
VEDL,3,271.59375,275.90625,290.28125,18.6875,280.9375
VEDL,4,270.33333333333337,277.0,290.33333333333337,20.0,280.33333333333337
VEDL,5,266.3291686375936,282.24583403269446,290.204166730245,23.874998092651367,278.2666676839193
VMM,1,104.7437515258789,112.3062515258789,115.0562515258789,10.3125,109.9000015258789
VMM,2,105.4312515258789,112.3062515258789,115.0562515258789,9.625,110.2437515258789
VMM,3,107.93124945958456,112.71125078201294,115.10125144322714,7.170001983642578,111.51625045140585
VMM,4,108.59791549046835,112.40708367029825,115.1279180844625,6.530002593994141,111.86291678746542
VMM,5,109.14208237330118,112.40708367029825,112.40708367029825,3.2650012969970703,110.77458302179971
VOLTAS,1,1161.0000356038413,1225.80002339681,1344.6000010172525,183.59996541341116,1252.8000183105469
VOLTAS,2,1175.6562678019204,1295.2062555948892,1345.0187505086265,169.36248270670603,1260.3375091552734
VOLTAS,3,1202.212516784668,1287.1875076293945,1353.279167175293,151.066650390625,1277.7458419799805
VOLTAS,4,1224.3125,1293.3125,1353.6875,129.375,1289.0
VOLTAS,5,1256.5187327067056,1292.7062225341797,1365.0812021891275,108.56246948242188,1310.7999674479165
WAAREEENER,1,2539.604166666667,2582.4375,2721.645833333333,182.04166666666606,2630.625
WAAREEENER,2,2582.4375,2678.8125,2721.645833333333,139.20833333333303,2652.0416666666665
WAAREEENER,3,2609.1188049316406,2671.7979431152344,2725.522918701172,116.40411376953125,2667.3208618164062
WAAREEENER,4,2605.3916778564453,2615.008346557617,2691.941696166992,86.55001831054688,2648.6666870117188
WAAREEENER,5,2614.71875,2614.71875,2710.21875,95.5,2662.46875
WIPRO,1,163.08750343322754,165.94250297546387,179.2658341725667,16.178330739339174,171.17666880289713
WIPRO,2,170.98437690734863,181.23020871480304,187.3777077992757,16.393330891927064,179.18104235331217
WIPRO,3,177.99854214986163,187.24228986104328,187.24228986104328,9.24374771118164,182.62041600545246
WIPRO,4,180.52562427520752,187.07978916168213,191.0122880935669,10.486663818359375,185.7689561843872
WIPRO,5,180.13875039418537,187.09124787648517,190.95374647776288,10.814996083577512,185.54624843597412
YESBANK,1,22.34249985218048,22.53249990940094,23.197500109672546,0.8550002574920654,22.769999980926514
YESBANK,2,22.34249985218048,22.53249990940094,23.197500109672546,0.8550002574920654,22.769999980926514
YESBANK,3,22.39687498410543,22.663125117619835,23.018125295639038,0.6212503115336077,22.707500139872234
YESBANK,4,22.52833334604899,22.52833334604899,22.925000190734863,0.39666684468587476,22.726666768391926
YESBANK,5,22.62625014781952,22.84375011920929,23.06125009059906,0.434999942779541,22.84375011920929
ZYDUSLIFE,1,1139.6374893188477,1175.3958155314126,1206.045809427897,66.40832010904933,1172.8416493733723
ZYDUSLIFE,2,1138.0625,1172.7708333333335,1202.5208333333335,64.45833333333348,1170.2916666666667
ZYDUSLIFE,3,1127.724983215332,1169.8749923706055,1202.658332824707,74.933349609375,1165.1916580200195
ZYDUSLIFE,4,1123.041648864746,1169.8749923706055,1202.658332824707,79.61668395996094,1162.8499908447266
ZYDUSLIFE,5,1118.3583145141602,1169.8749923706055,1202.658332824707,84.30001831054688,1160.5083236694336
